-----图标开始--------------
Delete From BS_PageControlImage where type_Cd = '2642';
Insert Into BS_PageControlImage(PageControlImageKey_TX,Name_TX,ImageUrl_TX,Type_CD ) Values('AddFreq','添加特征频率','~/Images/ToolBar/Action/AddFreq.gif','2642');
Insert Into BS_PageControlImage(PageControlImageKey_TX,Name_TX,ImageUrl_TX,Type_CD ) Values('AlmResetControl','报警复位控制','~/ImagesZX/ToolBar/Action/AlmResetControl.gif','2642');
Insert Into BS_PageControlImage(PageControlImageKey_TX,Name_TX,ImageUrl_TX,Type_CD ) Values('DelFreq','删除特征频率','~/Images/ToolBar/Action/DelFreq.gif','2642');
Insert Into BS_PageControlImage(PageControlImageKey_TX,Name_TX,ImageUrl_TX,Type_CD ) Values('DtlGroup','特征频率分组明细','~/Images/ToolBar/Action/DtlGroup.gif','2642');
Insert Into BS_PageControlImage(PageControlImageKey_TX,Name_TX,ImageUrl_TX,Type_CD ) Values('EdtFreq','修改特征频率','~/Images/ToolBar/Action/EdtFreq.gif','2642');
GO
-----图标结束--------------
-----菜单项开始--------------
delete from BS_MAINMENUTEMP  where type_cd = '2642';
insert into BS_MAINMENUTEMP select * from BS_MAINMENU m where m.type_cd = '2642';
Delete From BS_MainMenu where type_Cd = '2642';
Insert Into BS_MainMenu(MenuKey_TX,MenuKey_Ref,CustomMenuKey_Ref,Name_TX,CustomName_TX,ToolTip_TX,AppAction_CD,RedirectPageKey_TX,JsBlock_TX,SortNo_NR,Type_CD ) Values('ZXMObjMM','BaseInfo_Group','BaseInfo_Group','在线设备管理','在线设备管理','在线设备管理','ZXMObjMM','ZXMObjManage','','2001','2642');
Insert Into BS_MainMenu(MenuKey_TX,MenuKey_Ref,CustomMenuKey_Ref,Name_TX,CustomName_TX,ToolTip_TX,AppAction_CD,RedirectPageKey_TX,JsBlock_TX,SortNo_NR,Type_CD ) Values('SMSConfigMM','BaseInfo_Group','BaseInfo_Group','短信设置','短信设置','短信设置','SMSConfigMM','SMSManage','','2022','2642');
Insert Into BS_MainMenu(MenuKey_TX,MenuKey_Ref,CustomMenuKey_Ref,Name_TX,CustomName_TX,ToolTip_TX,AppAction_CD,RedirectPageKey_TX,JsBlock_TX,SortNo_NR,Type_CD ) Values('SMSHistoryMM','BaseInfo_Group','BaseInfo_Group','短信统计','短信统计','短信统计','SMSHistoryMM','SMSHistoryManage','','2023','2642');
Insert Into BS_MainMenu(MenuKey_TX,MenuKey_Ref,CustomMenuKey_Ref,Name_TX,CustomName_TX,ToolTip_TX,AppAction_CD,RedirectPageKey_TX,JsBlock_TX,SortNo_NR,Type_CD ) Values('MonitorManage_Group','','','监测参数管理','监测参数管理','监测参数管理','','','','2002','2642');
Insert Into BS_MainMenu(MenuKey_TX,MenuKey_Ref,CustomMenuKey_Ref,Name_TX,CustomName_TX,ToolTip_TX,AppAction_CD,RedirectPageKey_TX,JsBlock_TX,SortNo_NR,Type_CD ) Values('PointMM','MonitorManage_Group','MonitorManage_Group','测点管理','测点管理','测点管理','PointMM','PointManage','','2003','2642');
Insert Into BS_MainMenu(MenuKey_TX,MenuKey_Ref,CustomMenuKey_Ref,Name_TX,CustomName_TX,ToolTip_TX,AppAction_CD,RedirectPageKey_TX,JsBlock_TX,SortNo_NR,Type_CD ) Values('PointGroupMM','MonitorManage_Group','MonitorManage_Group','测点分组管理','测点分组管理','测点分组管理','PointGroupMM','PointGroupManage','','2004','2642');
Insert Into BS_MainMenu(MenuKey_TX,MenuKey_Ref,CustomMenuKey_Ref,Name_TX,CustomName_TX,ToolTip_TX,AppAction_CD,RedirectPageKey_TX,JsBlock_TX,SortNo_NR,Type_CD ) Values('OverViewMM','MonitorManage_Group','MonitorManage_Group','总貌图设置','总貌图设置','总貌图设置','OverViewMM','OverViewManage','','2005','2642');
Insert Into BS_MainMenu(MenuKey_TX,MenuKey_Ref,CustomMenuKey_Ref,Name_TX,CustomName_TX,ToolTip_TX,AppAction_CD,RedirectPageKey_TX,JsBlock_TX,SortNo_NR,Type_CD ) Values('BarDiagramMM','MonitorManage_Group','MonitorManage_Group','棒图设置','棒图设置','棒图设置','BarDiagramMM','BarDiagramMM','','2006','2642');
Insert Into BS_MainMenu(MenuKey_TX,MenuKey_Ref,CustomMenuKey_Ref,Name_TX,CustomName_TX,ToolTip_TX,AppAction_CD,RedirectPageKey_TX,JsBlock_TX,SortNo_NR,Type_CD ) Values('FeatureFreqMM','MonitorManage_Group','MonitorManage_Group','特征频率管理','特征频率管理','特征频率管理','FeatureFreqMM','FeatureFreqGroupManage','','2007','2642');
Insert Into BS_MainMenu(MenuKey_TX,MenuKey_Ref,CustomMenuKey_Ref,Name_TX,CustomName_TX,ToolTip_TX,AppAction_CD,RedirectPageKey_TX,JsBlock_TX,SortNo_NR,Type_CD ) Values('DataVarMM','MonitorManage_Group','MonitorManage_Group','数据源变量管理','数据源变量管理','数据源变量管理','DataVarMM','DataVarMM','','2008','2642');
Insert Into BS_MainMenu(MenuKey_TX,MenuKey_Ref,CustomMenuKey_Ref,Name_TX,CustomName_TX,ToolTip_TX,AppAction_CD,RedirectPageKey_TX,JsBlock_TX,SortNo_NR,Type_CD ) Values('SampleStationManage_Group','','','数采站管理','数采站管理','数采站管理','','','','2009','2642');
Insert Into BS_MainMenu(MenuKey_TX,MenuKey_Ref,CustomMenuKey_Ref,Name_TX,CustomName_TX,ToolTip_TX,AppAction_CD,RedirectPageKey_TX,JsBlock_TX,SortNo_NR,Type_CD ) Values('StationMM','SampleStationManage_Group','SampleStationManage_Group','采集工作站管理','采集工作站管理','采集工作站管理','StationMM','StationMM','','2010','2642');
Insert Into BS_MainMenu(MenuKey_TX,MenuKey_Ref,CustomMenuKey_Ref,Name_TX,CustomName_TX,ToolTip_TX,AppAction_CD,RedirectPageKey_TX,JsBlock_TX,SortNo_NR,Type_CD ) Values('ChannelMM','SampleStationManage_Group','SampleStationManage_Group','采集通道管理','采集通道管理','采集通道管理','ChannelMM','ChannelMM','','2011','2642');
Insert Into BS_MainMenu(MenuKey_TX,MenuKey_Ref,CustomMenuKey_Ref,Name_TX,CustomName_TX,ToolTip_TX,AppAction_CD,RedirectPageKey_TX,JsBlock_TX,SortNo_NR,Type_CD ) Values('ServerMM','SampleStationManage_Group','SampleStationManage_Group','采集服务器管理','采集服务器管理','采集服务器管理','ServerMM','ServerMM','','2012','2642');
Insert Into BS_MainMenu(MenuKey_TX,MenuKey_Ref,CustomMenuKey_Ref,Name_TX,CustomName_TX,ToolTip_TX,AppAction_CD,RedirectPageKey_TX,JsBlock_TX,SortNo_NR,Type_CD ) Values('ServerDAUMM','SampleStationManage_Group','SampleStationManage_Group','数据采集器管理','数据采集器管理','数据采集器管理','ServerDAUMM','ServerDAUMM','','2013','2642');
Insert Into BS_MainMenu(MenuKey_TX,MenuKey_Ref,CustomMenuKey_Ref,Name_TX,CustomName_TX,ToolTip_TX,AppAction_CD,RedirectPageKey_TX,JsBlock_TX,SortNo_NR,Type_CD ) Values('StationCTLMM','SampleStationManage_Group','SampleStationManage_Group','采集工作站控制','采集工作站控制','采集工作站控制','StationCTLMM','StationCTLMM','','2014','2642');
Insert Into BS_MainMenu(MenuKey_TX,MenuKey_Ref,CustomMenuKey_Ref,Name_TX,CustomName_TX,ToolTip_TX,AppAction_CD,RedirectPageKey_TX,JsBlock_TX,SortNo_NR,Type_CD ) Values('ServerDAUCTLMM','SampleStationManage_Group','SampleStationManage_Group','数据采集器控制','数据采集器控制','数据采集器控制','ServerDAUCTLMM','ServerDAUCTLMM','','2015','2642');
Insert Into BS_MainMenu(MenuKey_TX,MenuKey_Ref,CustomMenuKey_Ref,Name_TX,CustomName_TX,ToolTip_TX,AppAction_CD,RedirectPageKey_TX,JsBlock_TX,SortNo_NR,Type_CD ) Values('MonitorDataManager_Group','','','监测数据管理','监测数据管理','监测数据管理','','','','2016','2642');
Insert Into BS_MainMenu(MenuKey_TX,MenuKey_Ref,CustomMenuKey_Ref,Name_TX,CustomName_TX,ToolTip_TX,AppAction_CD,RedirectPageKey_TX,JsBlock_TX,SortNo_NR,Type_CD ) Values('OverViewMonitor','MonitorDataManager_Group','MonitorDataManager_Group','总貌图','总貌图','总貌图','OverViewMonitor','OverViewMonitor','','2017','2642');
Insert Into BS_MainMenu(MenuKey_TX,MenuKey_Ref,CustomMenuKey_Ref,Name_TX,CustomName_TX,ToolTip_TX,AppAction_CD,RedirectPageKey_TX,JsBlock_TX,SortNo_NR,Type_CD ) Values('HistoryDataMM','MonitorDataManager_Group','MonitorDataManager_Group','在线数据管理','在线数据管理','在线数据管理','HistoryDataMM','HistoryDataManage','','2018','2642');
Insert Into BS_MainMenu(MenuKey_TX,MenuKey_Ref,CustomMenuKey_Ref,Name_TX,CustomName_TX,ToolTip_TX,AppAction_CD,RedirectPageKey_TX,JsBlock_TX,SortNo_NR,Type_CD ) Values('DataAnls_Group','','','数据分析','数据分析','数据分析','','','','2019','2642');
Insert Into BS_MainMenu(MenuKey_TX,MenuKey_Ref,CustomMenuKey_Ref,Name_TX,CustomName_TX,ToolTip_TX,AppAction_CD,RedirectPageKey_TX,JsBlock_TX,SortNo_NR,Type_CD ) Values('MornitorAnlsMM','DataAnls_Group','DataAnls_Group','监测分析','监测分析','监测分析','MornitorAnlsMM','','javascript:openOcxPage(\\''~/AppZX/AppAnalysis/AnalysisManager/MornitorAnalysisManager.aspx\\'');','2020','2642');
Insert Into BS_MainMenu(MenuKey_TX,MenuKey_Ref,CustomMenuKey_Ref,Name_TX,CustomName_TX,ToolTip_TX,AppAction_CD,RedirectPageKey_TX,JsBlock_TX,SortNo_NR,Type_CD ) Values('BearingMM','DataAnls_Group','DataAnls_Group','轴承库','轴承库','轴承库','BearingMM','BearingMM','','2021','2642');
GO
-----菜单项结束--------------
-----权限操作开始--------------
delete from BS_TempAppAction  where type_cd = '2642' and SysAction_YN='0';
insert into BS_TempAppAction select * from BS_AppAction m where SysAction_YN='0'and m.type_cd = '2642';
Delete From BS_AppAction where SysAction_YN='0' and type_Cd = '2642';
Insert Into BS_AppAction(AppAction_CD,AppAction_CD_Ref,Desc_TX,Name_TX,ActionType_CD,SysAction_YN,Level_NR,SortNo_NR,DataRange_YN,DataRangeList_TX,Visible_YN,InvokeObject_TX,SpecDataRange_YN,Flow_YN,Type_CD ) Values('ZXMObjMM','','在线设备管理','在线设备管理','Menu','0','2','0','1','OR|AL','1','','','0','2642');
Insert Into BS_AppAction(AppAction_CD,AppAction_CD_Ref,Desc_TX,Name_TX,ActionType_CD,SysAction_YN,Level_NR,SortNo_NR,DataRange_YN,DataRangeList_TX,Visible_YN,InvokeObject_TX,SpecDataRange_YN,Flow_YN,Type_CD ) Values('ZXMObj_Browse','ZXMObjMM','浏览','浏览','Control','0','3','1','0','','1','','','0','2642');
Insert Into BS_AppAction(AppAction_CD,AppAction_CD_Ref,Desc_TX,Name_TX,ActionType_CD,SysAction_YN,Level_NR,SortNo_NR,DataRange_YN,DataRangeList_TX,Visible_YN,InvokeObject_TX,SpecDataRange_YN,Flow_YN,Type_CD ) Values('ZXMObj_QUE','ZXMObjMM','查询','查询','Control','0','3','2','0','','1','','','0','2642');
Insert Into BS_AppAction(AppAction_CD,AppAction_CD_Ref,Desc_TX,Name_TX,ActionType_CD,SysAction_YN,Level_NR,SortNo_NR,DataRange_YN,DataRangeList_TX,Visible_YN,InvokeObject_TX,SpecDataRange_YN,Flow_YN,Type_CD ) Values('ZXMObj_ADD','ZXMObjMM','添加','添加','Control','0','3','3','0','','1','','','0','2642');
Insert Into BS_AppAction(AppAction_CD,AppAction_CD_Ref,Desc_TX,Name_TX,ActionType_CD,SysAction_YN,Level_NR,SortNo_NR,DataRange_YN,DataRangeList_TX,Visible_YN,InvokeObject_TX,SpecDataRange_YN,Flow_YN,Type_CD ) Values('ZXMObj_EDT','ZXMObjMM','修改','修改','Control','0','3','4','0','','1','','','0','2642');
Insert Into BS_AppAction(AppAction_CD,AppAction_CD_Ref,Desc_TX,Name_TX,ActionType_CD,SysAction_YN,Level_NR,SortNo_NR,DataRange_YN,DataRangeList_TX,Visible_YN,InvokeObject_TX,SpecDataRange_YN,Flow_YN,Type_CD ) Values('ZXMObj_DEL','ZXMObjMM','删除','删除','Control','0','3','5','1','OR|AL','1','','','0','2642');
Insert Into BS_AppAction(AppAction_CD,AppAction_CD_Ref,Desc_TX,Name_TX,ActionType_CD,SysAction_YN,Level_NR,SortNo_NR,DataRange_YN,DataRangeList_TX,Visible_YN,InvokeObject_TX,SpecDataRange_YN,Flow_YN,Type_CD ) Values('ZXMObj_DTL','ZXMObjMM','明细','明细','Control','0','3','6','0','','1','','','0','2642');
Insert Into BS_AppAction(AppAction_CD,AppAction_CD_Ref,Desc_TX,Name_TX,ActionType_CD,SysAction_YN,Level_NR,SortNo_NR,DataRange_YN,DataRangeList_TX,Visible_YN,InvokeObject_TX,SpecDataRange_YN,Flow_YN,Type_CD ) Values('ZXMObj_EXP','ZXMObjMM','导出当前页','导出当前页','Control','0','3','7','0','','1','','','0','2642');
Insert Into BS_AppAction(AppAction_CD,AppAction_CD_Ref,Desc_TX,Name_TX,ActionType_CD,SysAction_YN,Level_NR,SortNo_NR,DataRange_YN,DataRangeList_TX,Visible_YN,InvokeObject_TX,SpecDataRange_YN,Flow_YN,Type_CD ) Values('ZXMObj_EXA','ZXMObjMM','导出全部','导出全部','Control','0','3','8','0','','1','','','0','2642');
Insert Into BS_AppAction(AppAction_CD,AppAction_CD_Ref,Desc_TX,Name_TX,ActionType_CD,SysAction_YN,Level_NR,SortNo_NR,DataRange_YN,DataRangeList_TX,Visible_YN,InvokeObject_TX,SpecDataRange_YN,Flow_YN,Type_CD ) Values('ZXMObj_LST','ZXMObjMM','列表设置','列表设置','Control','0','3','9','0','','1','','','0','2642');
Insert Into BS_AppAction(AppAction_CD,AppAction_CD_Ref,Desc_TX,Name_TX,ActionType_CD,SysAction_YN,Level_NR,SortNo_NR,DataRange_YN,DataRangeList_TX,Visible_YN,InvokeObject_TX,SpecDataRange_YN,Flow_YN,Type_CD ) Values('PointMM','','测点管理','测点管理','Menu','0','2','10','1','PE|DE|OR|AL','1','','','0','2642');
Insert Into BS_AppAction(AppAction_CD,AppAction_CD_Ref,Desc_TX,Name_TX,ActionType_CD,SysAction_YN,Level_NR,SortNo_NR,DataRange_YN,DataRangeList_TX,Visible_YN,InvokeObject_TX,SpecDataRange_YN,Flow_YN,Type_CD ) Values('Point_Browse','PointMM','浏览','浏览','Control','0','3','11','0','','1','','','0','2642');
Insert Into BS_AppAction(AppAction_CD,AppAction_CD_Ref,Desc_TX,Name_TX,ActionType_CD,SysAction_YN,Level_NR,SortNo_NR,DataRange_YN,DataRangeList_TX,Visible_YN,InvokeObject_TX,SpecDataRange_YN,Flow_YN,Type_CD ) Values('Point_ADD','PointMM','添加','添加','Control','0','3','12','0','','1','','','0','2642');
Insert Into BS_AppAction(AppAction_CD,AppAction_CD_Ref,Desc_TX,Name_TX,ActionType_CD,SysAction_YN,Level_NR,SortNo_NR,DataRange_YN,DataRangeList_TX,Visible_YN,InvokeObject_TX,SpecDataRange_YN,Flow_YN,Type_CD ) Values('Point_EDT','PointMM','修改','修改','Control','0','3','13','0','','1','','','0','2642');
Insert Into BS_AppAction(AppAction_CD,AppAction_CD_Ref,Desc_TX,Name_TX,ActionType_CD,SysAction_YN,Level_NR,SortNo_NR,DataRange_YN,DataRangeList_TX,Visible_YN,InvokeObject_TX,SpecDataRange_YN,Flow_YN,Type_CD ) Values('Point_DEL','PointMM','删除','删除','Control','0','3','14','0','','1','','','0','2642');
Insert Into BS_AppAction(AppAction_CD,AppAction_CD_Ref,Desc_TX,Name_TX,ActionType_CD,SysAction_YN,Level_NR,SortNo_NR,DataRange_YN,DataRangeList_TX,Visible_YN,InvokeObject_TX,SpecDataRange_YN,Flow_YN,Type_CD ) Values('Point_DTL','PointMM','明细','明细','Control','0','3','15','0','','1','','','0','2642');
Insert Into BS_AppAction(AppAction_CD,AppAction_CD_Ref,Desc_TX,Name_TX,ActionType_CD,SysAction_YN,Level_NR,SortNo_NR,DataRange_YN,DataRangeList_TX,Visible_YN,InvokeObject_TX,SpecDataRange_YN,Flow_YN,Type_CD ) Values('Point_EXP','PointMM','导出当前页','导出当前页','Control','0','3','16','0','','1','','','0','2642');
Insert Into BS_AppAction(AppAction_CD,AppAction_CD_Ref,Desc_TX,Name_TX,ActionType_CD,SysAction_YN,Level_NR,SortNo_NR,DataRange_YN,DataRangeList_TX,Visible_YN,InvokeObject_TX,SpecDataRange_YN,Flow_YN,Type_CD ) Values('Point_EXA','PointMM','导出全部','导出全部','Control','0','3','17','0','','1','','','0','2642');
Insert Into BS_AppAction(AppAction_CD,AppAction_CD_Ref,Desc_TX,Name_TX,ActionType_CD,SysAction_YN,Level_NR,SortNo_NR,DataRange_YN,DataRangeList_TX,Visible_YN,InvokeObject_TX,SpecDataRange_YN,Flow_YN,Type_CD ) Values('Point_LST','PointMM','列表设置','列表设置','Control','0','3','18','0','','1','','','0','2642');
Insert Into BS_AppAction(AppAction_CD,AppAction_CD_Ref,Desc_TX,Name_TX,ActionType_CD,SysAction_YN,Level_NR,SortNo_NR,DataRange_YN,DataRangeList_TX,Visible_YN,InvokeObject_TX,SpecDataRange_YN,Flow_YN,Type_CD ) Values('PointGroupMM','','测点分组管理','测点分组管理','Menu','0','2','19','1','PE|DE|OR|AL','1','','','0','2642');
Insert Into BS_AppAction(AppAction_CD,AppAction_CD_Ref,Desc_TX,Name_TX,ActionType_CD,SysAction_YN,Level_NR,SortNo_NR,DataRange_YN,DataRangeList_TX,Visible_YN,InvokeObject_TX,SpecDataRange_YN,Flow_YN,Type_CD ) Values('PointGroup_Browse','PointGroupMM','浏览','浏览','Control','0','3','20','0','','1','','','0','2642');
Insert Into BS_AppAction(AppAction_CD,AppAction_CD_Ref,Desc_TX,Name_TX,ActionType_CD,SysAction_YN,Level_NR,SortNo_NR,DataRange_YN,DataRangeList_TX,Visible_YN,InvokeObject_TX,SpecDataRange_YN,Flow_YN,Type_CD ) Values('PointGroup_ADD','PointGroupMM','添加','添加','Control','0','3','21','0','','1','','','0','2642');
Insert Into BS_AppAction(AppAction_CD,AppAction_CD_Ref,Desc_TX,Name_TX,ActionType_CD,SysAction_YN,Level_NR,SortNo_NR,DataRange_YN,DataRangeList_TX,Visible_YN,InvokeObject_TX,SpecDataRange_YN,Flow_YN,Type_CD ) Values('PointGroup_EDT','PointGroupMM','修改','修改','Control','0','3','22','0','','1','','','0','2642');
Insert Into BS_AppAction(AppAction_CD,AppAction_CD_Ref,Desc_TX,Name_TX,ActionType_CD,SysAction_YN,Level_NR,SortNo_NR,DataRange_YN,DataRangeList_TX,Visible_YN,InvokeObject_TX,SpecDataRange_YN,Flow_YN,Type_CD ) Values('PointGroup_DEL','PointGroupMM','删除','删除','Control','0','3','23','0','','1','','','0','2642');
Insert Into BS_AppAction(AppAction_CD,AppAction_CD_Ref,Desc_TX,Name_TX,ActionType_CD,SysAction_YN,Level_NR,SortNo_NR,DataRange_YN,DataRangeList_TX,Visible_YN,InvokeObject_TX,SpecDataRange_YN,Flow_YN,Type_CD ) Values('PointGroup_DTL','PointGroupMM','明细','明细','Control','0','3','24','0','','1','','','0','2642');
Insert Into BS_AppAction(AppAction_CD,AppAction_CD_Ref,Desc_TX,Name_TX,ActionType_CD,SysAction_YN,Level_NR,SortNo_NR,DataRange_YN,DataRangeList_TX,Visible_YN,InvokeObject_TX,SpecDataRange_YN,Flow_YN,Type_CD ) Values('PointGroup_EXP','PointGroupMM','导出当前页','导出当前页','Control','0','3','25','0','','1','','','0','2642');
Insert Into BS_AppAction(AppAction_CD,AppAction_CD_Ref,Desc_TX,Name_TX,ActionType_CD,SysAction_YN,Level_NR,SortNo_NR,DataRange_YN,DataRangeList_TX,Visible_YN,InvokeObject_TX,SpecDataRange_YN,Flow_YN,Type_CD ) Values('PointGroup_EXA','PointGroupMM','导出全部','导出全部','Control','0','3','26','0','','1','','','0','2642');
Insert Into BS_AppAction(AppAction_CD,AppAction_CD_Ref,Desc_TX,Name_TX,ActionType_CD,SysAction_YN,Level_NR,SortNo_NR,DataRange_YN,DataRangeList_TX,Visible_YN,InvokeObject_TX,SpecDataRange_YN,Flow_YN,Type_CD ) Values('PointGroup_LST','PointGroupMM','列表设置','列表设置','Control','0','3','27','0','','1','','','0','2642');
Insert Into BS_AppAction(AppAction_CD,AppAction_CD_Ref,Desc_TX,Name_TX,ActionType_CD,SysAction_YN,Level_NR,SortNo_NR,DataRange_YN,DataRangeList_TX,Visible_YN,InvokeObject_TX,SpecDataRange_YN,Flow_YN,Type_CD ) Values('StationCTLMM','','采集工作站控制','采集工作站控制','Menu','0','2','28','1','','1','','','0','2642');
Insert Into BS_AppAction(AppAction_CD,AppAction_CD_Ref,Desc_TX,Name_TX,ActionType_CD,SysAction_YN,Level_NR,SortNo_NR,DataRange_YN,DataRangeList_TX,Visible_YN,InvokeObject_TX,SpecDataRange_YN,Flow_YN,Type_CD ) Values('Station_CTL','StationCTLMM','采集工作站控制','采集工作站控制','Control','0','3','29','0','','1','','','0','2642');
Insert Into BS_AppAction(AppAction_CD,AppAction_CD_Ref,Desc_TX,Name_TX,ActionType_CD,SysAction_YN,Level_NR,SortNo_NR,DataRange_YN,DataRangeList_TX,Visible_YN,InvokeObject_TX,SpecDataRange_YN,Flow_YN,Type_CD ) Values('AlmReset_CTL','StationCTLMM','报警复位控制','报警复位控制','Control','0','3','30','0','','1','','','0','2642');
Insert Into BS_AppAction(AppAction_CD,AppAction_CD_Ref,Desc_TX,Name_TX,ActionType_CD,SysAction_YN,Level_NR,SortNo_NR,DataRange_YN,DataRangeList_TX,Visible_YN,InvokeObject_TX,SpecDataRange_YN,Flow_YN,Type_CD ) Values('StationMM','','采集工作站管理','采集工作站管理','Menu','0','2','31','1','','1','','','0','2642');
Insert Into BS_AppAction(AppAction_CD,AppAction_CD_Ref,Desc_TX,Name_TX,ActionType_CD,SysAction_YN,Level_NR,SortNo_NR,DataRange_YN,DataRangeList_TX,Visible_YN,InvokeObject_TX,SpecDataRange_YN,Flow_YN,Type_CD ) Values('Station_Browse','StationMM','浏览','浏览','Control','0','3','32','0','','1','','','0','2642');
Insert Into BS_AppAction(AppAction_CD,AppAction_CD_Ref,Desc_TX,Name_TX,ActionType_CD,SysAction_YN,Level_NR,SortNo_NR,DataRange_YN,DataRangeList_TX,Visible_YN,InvokeObject_TX,SpecDataRange_YN,Flow_YN,Type_CD ) Values('Station_ADD','StationMM','添加','添加','Control','0','3','33','0','','1','','','0','2642');
Insert Into BS_AppAction(AppAction_CD,AppAction_CD_Ref,Desc_TX,Name_TX,ActionType_CD,SysAction_YN,Level_NR,SortNo_NR,DataRange_YN,DataRangeList_TX,Visible_YN,InvokeObject_TX,SpecDataRange_YN,Flow_YN,Type_CD ) Values('Station_EDT','StationMM','修改','修改','Control','0','3','34','0','','1','','','0','2642');
Insert Into BS_AppAction(AppAction_CD,AppAction_CD_Ref,Desc_TX,Name_TX,ActionType_CD,SysAction_YN,Level_NR,SortNo_NR,DataRange_YN,DataRangeList_TX,Visible_YN,InvokeObject_TX,SpecDataRange_YN,Flow_YN,Type_CD ) Values('Station_DEL','StationMM','删除','删除','Control','0','3','35','0','','1','','','0','2642');
Insert Into BS_AppAction(AppAction_CD,AppAction_CD_Ref,Desc_TX,Name_TX,ActionType_CD,SysAction_YN,Level_NR,SortNo_NR,DataRange_YN,DataRangeList_TX,Visible_YN,InvokeObject_TX,SpecDataRange_YN,Flow_YN,Type_CD ) Values('Station_DTL','StationMM','明细','明细','Control','0','3','36','0','','1','','','0','2642');
Insert Into BS_AppAction(AppAction_CD,AppAction_CD_Ref,Desc_TX,Name_TX,ActionType_CD,SysAction_YN,Level_NR,SortNo_NR,DataRange_YN,DataRangeList_TX,Visible_YN,InvokeObject_TX,SpecDataRange_YN,Flow_YN,Type_CD ) Values('ChannelMM','','采集通道管理','采集通道管理','Menu','0','2','37','1','','1','','','0','2642');
Insert Into BS_AppAction(AppAction_CD,AppAction_CD_Ref,Desc_TX,Name_TX,ActionType_CD,SysAction_YN,Level_NR,SortNo_NR,DataRange_YN,DataRangeList_TX,Visible_YN,InvokeObject_TX,SpecDataRange_YN,Flow_YN,Type_CD ) Values('Channel_Browse','ChannelMM','浏览','浏览','Control','0','3','38','0','','1','','','0','2642');
Insert Into BS_AppAction(AppAction_CD,AppAction_CD_Ref,Desc_TX,Name_TX,ActionType_CD,SysAction_YN,Level_NR,SortNo_NR,DataRange_YN,DataRangeList_TX,Visible_YN,InvokeObject_TX,SpecDataRange_YN,Flow_YN,Type_CD ) Values('Channel_ADD','ChannelMM','添加','添加','Control','0','3','39','0','','1','','','0','2642');
Insert Into BS_AppAction(AppAction_CD,AppAction_CD_Ref,Desc_TX,Name_TX,ActionType_CD,SysAction_YN,Level_NR,SortNo_NR,DataRange_YN,DataRangeList_TX,Visible_YN,InvokeObject_TX,SpecDataRange_YN,Flow_YN,Type_CD ) Values('Channel_EDT','ChannelMM','修改','修改','Control','0','3','40','0','','1','','','0','2642');
Insert Into BS_AppAction(AppAction_CD,AppAction_CD_Ref,Desc_TX,Name_TX,ActionType_CD,SysAction_YN,Level_NR,SortNo_NR,DataRange_YN,DataRangeList_TX,Visible_YN,InvokeObject_TX,SpecDataRange_YN,Flow_YN,Type_CD ) Values('Channel_DEL','ChannelMM','删除','删除','Control','0','3','41','0','','1','','','0','2642');
Insert Into BS_AppAction(AppAction_CD,AppAction_CD_Ref,Desc_TX,Name_TX,ActionType_CD,SysAction_YN,Level_NR,SortNo_NR,DataRange_YN,DataRangeList_TX,Visible_YN,InvokeObject_TX,SpecDataRange_YN,Flow_YN,Type_CD ) Values('Channel_DTL','ChannelMM','明细','明细','Control','0','3','42','0','','1','','','0','2642');
Insert Into BS_AppAction(AppAction_CD,AppAction_CD_Ref,Desc_TX,Name_TX,ActionType_CD,SysAction_YN,Level_NR,SortNo_NR,DataRange_YN,DataRangeList_TX,Visible_YN,InvokeObject_TX,SpecDataRange_YN,Flow_YN,Type_CD ) Values('ServerMM','','采集服务器管理','采集服务器管理','Menu','0','2','43','1','','1','','','0','2642');
Insert Into BS_AppAction(AppAction_CD,AppAction_CD_Ref,Desc_TX,Name_TX,ActionType_CD,SysAction_YN,Level_NR,SortNo_NR,DataRange_YN,DataRangeList_TX,Visible_YN,InvokeObject_TX,SpecDataRange_YN,Flow_YN,Type_CD ) Values('Server_Browse','ServerMM','浏览','浏览','Control','0','3','44','0','','1','','','0','2642');
Insert Into BS_AppAction(AppAction_CD,AppAction_CD_Ref,Desc_TX,Name_TX,ActionType_CD,SysAction_YN,Level_NR,SortNo_NR,DataRange_YN,DataRangeList_TX,Visible_YN,InvokeObject_TX,SpecDataRange_YN,Flow_YN,Type_CD ) Values('Server_ADD','ServerMM','添加','添加','Control','0','3','45','0','','1','','','0','2642');
Insert Into BS_AppAction(AppAction_CD,AppAction_CD_Ref,Desc_TX,Name_TX,ActionType_CD,SysAction_YN,Level_NR,SortNo_NR,DataRange_YN,DataRangeList_TX,Visible_YN,InvokeObject_TX,SpecDataRange_YN,Flow_YN,Type_CD ) Values('Server_EDT','ServerMM','修改','修改','Control','0','3','46','0','','1','','','0','2642');
Insert Into BS_AppAction(AppAction_CD,AppAction_CD_Ref,Desc_TX,Name_TX,ActionType_CD,SysAction_YN,Level_NR,SortNo_NR,DataRange_YN,DataRangeList_TX,Visible_YN,InvokeObject_TX,SpecDataRange_YN,Flow_YN,Type_CD ) Values('Server_DEL','ServerMM','删除','删除','Control','0','3','47','0','','1','','','0','2642');
Insert Into BS_AppAction(AppAction_CD,AppAction_CD_Ref,Desc_TX,Name_TX,ActionType_CD,SysAction_YN,Level_NR,SortNo_NR,DataRange_YN,DataRangeList_TX,Visible_YN,InvokeObject_TX,SpecDataRange_YN,Flow_YN,Type_CD ) Values('Server_DTL','ServerMM','明细','明细','Control','0','3','48','0','','1','','','0','2642');
Insert Into BS_AppAction(AppAction_CD,AppAction_CD_Ref,Desc_TX,Name_TX,ActionType_CD,SysAction_YN,Level_NR,SortNo_NR,DataRange_YN,DataRangeList_TX,Visible_YN,InvokeObject_TX,SpecDataRange_YN,Flow_YN,Type_CD ) Values('ServerDAUCTLMM','','数据采集器控制','数据采集器控制','Menu','0','2','49','1','','1','','','0','2642');
Insert Into BS_AppAction(AppAction_CD,AppAction_CD_Ref,Desc_TX,Name_TX,ActionType_CD,SysAction_YN,Level_NR,SortNo_NR,DataRange_YN,DataRangeList_TX,Visible_YN,InvokeObject_TX,SpecDataRange_YN,Flow_YN,Type_CD ) Values('ServerDAU_CTL','ServerDAUCTLMM','数据采集器控制','数据采集器控制','Control','0','3','50','0','','1','','','0','2642');
Insert Into BS_AppAction(AppAction_CD,AppAction_CD_Ref,Desc_TX,Name_TX,ActionType_CD,SysAction_YN,Level_NR,SortNo_NR,DataRange_YN,DataRangeList_TX,Visible_YN,InvokeObject_TX,SpecDataRange_YN,Flow_YN,Type_CD ) Values('ServerDAUMM','','数据采集器管理','数据采集器管理','Menu','0','2','51','1','','1','','','0','2642');
Insert Into BS_AppAction(AppAction_CD,AppAction_CD_Ref,Desc_TX,Name_TX,ActionType_CD,SysAction_YN,Level_NR,SortNo_NR,DataRange_YN,DataRangeList_TX,Visible_YN,InvokeObject_TX,SpecDataRange_YN,Flow_YN,Type_CD ) Values('ServerDAU_Browse','ServerDAUMM','浏览','浏览','Control','0','3','52','0','','1','','','0','2642');
Insert Into BS_AppAction(AppAction_CD,AppAction_CD_Ref,Desc_TX,Name_TX,ActionType_CD,SysAction_YN,Level_NR,SortNo_NR,DataRange_YN,DataRangeList_TX,Visible_YN,InvokeObject_TX,SpecDataRange_YN,Flow_YN,Type_CD ) Values('ServerDAU_ADD','ServerDAUMM','添加','添加','Control','0','3','53','0','','1','','','0','2642');
Insert Into BS_AppAction(AppAction_CD,AppAction_CD_Ref,Desc_TX,Name_TX,ActionType_CD,SysAction_YN,Level_NR,SortNo_NR,DataRange_YN,DataRangeList_TX,Visible_YN,InvokeObject_TX,SpecDataRange_YN,Flow_YN,Type_CD ) Values('ServerDAU_EDT','ServerDAUMM','修改','修改','Control','0','3','54','0','','1','','','0','2642');
Insert Into BS_AppAction(AppAction_CD,AppAction_CD_Ref,Desc_TX,Name_TX,ActionType_CD,SysAction_YN,Level_NR,SortNo_NR,DataRange_YN,DataRangeList_TX,Visible_YN,InvokeObject_TX,SpecDataRange_YN,Flow_YN,Type_CD ) Values('ServerDAU_DEL','ServerDAUMM','删除','删除','Control','0','3','55','0','','1','','','0','2642');
Insert Into BS_AppAction(AppAction_CD,AppAction_CD_Ref,Desc_TX,Name_TX,ActionType_CD,SysAction_YN,Level_NR,SortNo_NR,DataRange_YN,DataRangeList_TX,Visible_YN,InvokeObject_TX,SpecDataRange_YN,Flow_YN,Type_CD ) Values('ServerDAU_DTL','ServerDAUMM','明细','明细','Control','0','3','56','0','','1','','','0','2642');
Insert Into BS_AppAction(AppAction_CD,AppAction_CD_Ref,Desc_TX,Name_TX,ActionType_CD,SysAction_YN,Level_NR,SortNo_NR,DataRange_YN,DataRangeList_TX,Visible_YN,InvokeObject_TX,SpecDataRange_YN,Flow_YN,Type_CD ) Values('HistoryDataMM','','在线数据管理','在线数据管理','Menu','0','2','57','1','PE|DE|OR|AL','1','','','0','2642');
Insert Into BS_AppAction(AppAction_CD,AppAction_CD_Ref,Desc_TX,Name_TX,ActionType_CD,SysAction_YN,Level_NR,SortNo_NR,DataRange_YN,DataRangeList_TX,Visible_YN,InvokeObject_TX,SpecDataRange_YN,Flow_YN,Type_CD ) Values('HistoryData_Browse','HistoryDataMM','浏览','浏览','Control','0','3','58','0','','1','','','0','2642');
Insert Into BS_AppAction(AppAction_CD,AppAction_CD_Ref,Desc_TX,Name_TX,ActionType_CD,SysAction_YN,Level_NR,SortNo_NR,DataRange_YN,DataRangeList_TX,Visible_YN,InvokeObject_TX,SpecDataRange_YN,Flow_YN,Type_CD ) Values('HistoryData_Query','HistoryDataMM','查询','查询','Control','0','3','59','0','','1','','','0','2642');
Insert Into BS_AppAction(AppAction_CD,AppAction_CD_Ref,Desc_TX,Name_TX,ActionType_CD,SysAction_YN,Level_NR,SortNo_NR,DataRange_YN,DataRangeList_TX,Visible_YN,InvokeObject_TX,SpecDataRange_YN,Flow_YN,Type_CD ) Values('HistoryData_DEL','HistoryDataMM','删除','删除','Control','0','3','60','0','','1','','','0','2642');
Insert Into BS_AppAction(AppAction_CD,AppAction_CD_Ref,Desc_TX,Name_TX,ActionType_CD,SysAction_YN,Level_NR,SortNo_NR,DataRange_YN,DataRangeList_TX,Visible_YN,InvokeObject_TX,SpecDataRange_YN,Flow_YN,Type_CD ) Values('HistoryData_DTL','HistoryDataMM','明细','明细','Control','0','3','61','0','','1','','','0','2642');
Insert Into BS_AppAction(AppAction_CD,AppAction_CD_Ref,Desc_TX,Name_TX,ActionType_CD,SysAction_YN,Level_NR,SortNo_NR,DataRange_YN,DataRangeList_TX,Visible_YN,InvokeObject_TX,SpecDataRange_YN,Flow_YN,Type_CD ) Values('HistoryData_EXP','HistoryDataMM','导出当前页','导出当前页','Control','0','3','62','0','','1','','','0','2642');
Insert Into BS_AppAction(AppAction_CD,AppAction_CD_Ref,Desc_TX,Name_TX,ActionType_CD,SysAction_YN,Level_NR,SortNo_NR,DataRange_YN,DataRangeList_TX,Visible_YN,InvokeObject_TX,SpecDataRange_YN,Flow_YN,Type_CD ) Values('HistoryData_EXA','HistoryDataMM','导出全部','导出全部','Control','0','3','63','0','','1','','','0','2642');
Insert Into BS_AppAction(AppAction_CD,AppAction_CD_Ref,Desc_TX,Name_TX,ActionType_CD,SysAction_YN,Level_NR,SortNo_NR,DataRange_YN,DataRangeList_TX,Visible_YN,InvokeObject_TX,SpecDataRange_YN,Flow_YN,Type_CD ) Values('HistoryData_LST','HistoryDataMM','列表设置','列表设置','Control','0','3','64','0','','1','','','0','2642');
Insert Into BS_AppAction(AppAction_CD,AppAction_CD_Ref,Desc_TX,Name_TX,ActionType_CD,SysAction_YN,Level_NR,SortNo_NR,DataRange_YN,DataRangeList_TX,Visible_YN,InvokeObject_TX,SpecDataRange_YN,Flow_YN,Type_CD ) Values('OverViewMonitor','','总貌图','总貌图','Menu','0','2','65','1','OR|AL','1','','','0','2642');
Insert Into BS_AppAction(AppAction_CD,AppAction_CD_Ref,Desc_TX,Name_TX,ActionType_CD,SysAction_YN,Level_NR,SortNo_NR,DataRange_YN,DataRangeList_TX,Visible_YN,InvokeObject_TX,SpecDataRange_YN,Flow_YN,Type_CD ) Values('OverView_Monitor','OverViewMonitor','总貌图','总貌图','Control','0','3','66','0','','1','','','0','2642');
Insert Into BS_AppAction(AppAction_CD,AppAction_CD_Ref,Desc_TX,Name_TX,ActionType_CD,SysAction_YN,Level_NR,SortNo_NR,DataRange_YN,DataRangeList_TX,Visible_YN,InvokeObject_TX,SpecDataRange_YN,Flow_YN,Type_CD ) Values('OverViewMM','','总貌图设置','总貌图设置','Menu','0','2','67','1','OR|AL','1','','','0','2642');
Insert Into BS_AppAction(AppAction_CD,AppAction_CD_Ref,Desc_TX,Name_TX,ActionType_CD,SysAction_YN,Level_NR,SortNo_NR,DataRange_YN,DataRangeList_TX,Visible_YN,InvokeObject_TX,SpecDataRange_YN,Flow_YN,Type_CD ) Values('OverView_Browse','OverViewMM','浏览','浏览','Control','0','3','68','0','','1','','','0','2642');
Insert Into BS_AppAction(AppAction_CD,AppAction_CD_Ref,Desc_TX,Name_TX,ActionType_CD,SysAction_YN,Level_NR,SortNo_NR,DataRange_YN,DataRangeList_TX,Visible_YN,InvokeObject_TX,SpecDataRange_YN,Flow_YN,Type_CD ) Values('OverView_EDT','OverViewMM','修改','修改','Control','0','3','69','0','','1','','','0','2642');
Insert Into BS_AppAction(AppAction_CD,AppAction_CD_Ref,Desc_TX,Name_TX,ActionType_CD,SysAction_YN,Level_NR,SortNo_NR,DataRange_YN,DataRangeList_TX,Visible_YN,InvokeObject_TX,SpecDataRange_YN,Flow_YN,Type_CD ) Values('BarDiagramMM','','棒图设置','棒图设置','Menu','0','2','70','1','OR|AL','1','','','0','2642');
Insert Into BS_AppAction(AppAction_CD,AppAction_CD_Ref,Desc_TX,Name_TX,ActionType_CD,SysAction_YN,Level_NR,SortNo_NR,DataRange_YN,DataRangeList_TX,Visible_YN,InvokeObject_TX,SpecDataRange_YN,Flow_YN,Type_CD ) Values('BarDiagram_Browse','BarDiagramMM','浏览','浏览','Control','0','3','71','0','','1','','','0','2642');
Insert Into BS_AppAction(AppAction_CD,AppAction_CD_Ref,Desc_TX,Name_TX,ActionType_CD,SysAction_YN,Level_NR,SortNo_NR,DataRange_YN,DataRangeList_TX,Visible_YN,InvokeObject_TX,SpecDataRange_YN,Flow_YN,Type_CD ) Values('BarDiagram_ADD','BarDiagramMM','添加','添加','Control','0','3','72','0','','1','','','0','2642');
Insert Into BS_AppAction(AppAction_CD,AppAction_CD_Ref,Desc_TX,Name_TX,ActionType_CD,SysAction_YN,Level_NR,SortNo_NR,DataRange_YN,DataRangeList_TX,Visible_YN,InvokeObject_TX,SpecDataRange_YN,Flow_YN,Type_CD ) Values('BarDiagram_EDT','BarDiagramMM','修改','修改','Control','0','3','73','0','','1','','','0','2642');
Insert Into BS_AppAction(AppAction_CD,AppAction_CD_Ref,Desc_TX,Name_TX,ActionType_CD,SysAction_YN,Level_NR,SortNo_NR,DataRange_YN,DataRangeList_TX,Visible_YN,InvokeObject_TX,SpecDataRange_YN,Flow_YN,Type_CD ) Values('BarDiagram_DEL','BarDiagramMM','删除','删除','Control','0','3','74','0','','1','','','0','2642');
Insert Into BS_AppAction(AppAction_CD,AppAction_CD_Ref,Desc_TX,Name_TX,ActionType_CD,SysAction_YN,Level_NR,SortNo_NR,DataRange_YN,DataRangeList_TX,Visible_YN,InvokeObject_TX,SpecDataRange_YN,Flow_YN,Type_CD ) Values('BarDiagram_DTL','BarDiagramMM','明细','明细','Control','0','3','75','0','','1','','','0','2642');
Insert Into BS_AppAction(AppAction_CD,AppAction_CD_Ref,Desc_TX,Name_TX,ActionType_CD,SysAction_YN,Level_NR,SortNo_NR,DataRange_YN,DataRangeList_TX,Visible_YN,InvokeObject_TX,SpecDataRange_YN,Flow_YN,Type_CD ) Values('FeatureFreqMM','','特征频率管理','特征频率管理','Menu','0','2','76','1','OR|AL','1','','','0','2642');
Insert Into BS_AppAction(AppAction_CD,AppAction_CD_Ref,Desc_TX,Name_TX,ActionType_CD,SysAction_YN,Level_NR,SortNo_NR,DataRange_YN,DataRangeList_TX,Visible_YN,InvokeObject_TX,SpecDataRange_YN,Flow_YN,Type_CD ) Values('FeatureFreq_Browse','FeatureFreqMM','浏览','浏览','Control','0','3','77','0','','1','','','0','2642');
Insert Into BS_AppAction(AppAction_CD,AppAction_CD_Ref,Desc_TX,Name_TX,ActionType_CD,SysAction_YN,Level_NR,SortNo_NR,DataRange_YN,DataRangeList_TX,Visible_YN,InvokeObject_TX,SpecDataRange_YN,Flow_YN,Type_CD ) Values('FeatureFreq_ADD','FeatureFreqMM','添加','添加','Control','0','3','78','0','','1','','','0','2642');
Insert Into BS_AppAction(AppAction_CD,AppAction_CD_Ref,Desc_TX,Name_TX,ActionType_CD,SysAction_YN,Level_NR,SortNo_NR,DataRange_YN,DataRangeList_TX,Visible_YN,InvokeObject_TX,SpecDataRange_YN,Flow_YN,Type_CD ) Values('FeatureFreq_EDT','FeatureFreqMM','修改','修改','Control','0','3','79','0','','1','','','0','2642');
Insert Into BS_AppAction(AppAction_CD,AppAction_CD_Ref,Desc_TX,Name_TX,ActionType_CD,SysAction_YN,Level_NR,SortNo_NR,DataRange_YN,DataRangeList_TX,Visible_YN,InvokeObject_TX,SpecDataRange_YN,Flow_YN,Type_CD ) Values('FeatureFreq_DEL','FeatureFreqMM','删除','删除','Control','0','3','80','0','','1','','','0','2642');
Insert Into BS_AppAction(AppAction_CD,AppAction_CD_Ref,Desc_TX,Name_TX,ActionType_CD,SysAction_YN,Level_NR,SortNo_NR,DataRange_YN,DataRangeList_TX,Visible_YN,InvokeObject_TX,SpecDataRange_YN,Flow_YN,Type_CD ) Values('FeatureFreq_DTL','FeatureFreqMM','明细','明细','Control','0','3','81','0','','1','','','0','2642');
Insert Into BS_AppAction(AppAction_CD,AppAction_CD_Ref,Desc_TX,Name_TX,ActionType_CD,SysAction_YN,Level_NR,SortNo_NR,DataRange_YN,DataRangeList_TX,Visible_YN,InvokeObject_TX,SpecDataRange_YN,Flow_YN,Type_CD ) Values('FeatureFreqGroup_REL','FeatureFreqMM','关联特征频率','关联特征频率','Control','0','3','82','1','','1','','','0','2642');
Insert Into BS_AppAction(AppAction_CD,AppAction_CD_Ref,Desc_TX,Name_TX,ActionType_CD,SysAction_YN,Level_NR,SortNo_NR,DataRange_YN,DataRangeList_TX,Visible_YN,InvokeObject_TX,SpecDataRange_YN,Flow_YN,Type_CD ) Values('MornitorAnlsMM','','监测分析','监测分析','Menu','0','2','83','1','PE|DE|OR|AL','1','','','0','2642');
Insert Into BS_AppAction(AppAction_CD,AppAction_CD_Ref,Desc_TX,Name_TX,ActionType_CD,SysAction_YN,Level_NR,SortNo_NR,DataRange_YN,DataRangeList_TX,Visible_YN,InvokeObject_TX,SpecDataRange_YN,Flow_YN,Type_CD ) Values('MornitorAnls_Analysis','MornitorAnlsMM','监测分析','监测分析','Control','0','3','84','0','','1','','','0','2642');
Insert Into BS_AppAction(AppAction_CD,AppAction_CD_Ref,Desc_TX,Name_TX,ActionType_CD,SysAction_YN,Level_NR,SortNo_NR,DataRange_YN,DataRangeList_TX,Visible_YN,InvokeObject_TX,SpecDataRange_YN,Flow_YN,Type_CD ) Values('BearingMM','','轴承库','轴承库','Menu','0','2','85','0','','1','','','0','2642');
Insert Into BS_AppAction(AppAction_CD,AppAction_CD_Ref,Desc_TX,Name_TX,ActionType_CD,SysAction_YN,Level_NR,SortNo_NR,DataRange_YN,DataRangeList_TX,Visible_YN,InvokeObject_TX,SpecDataRange_YN,Flow_YN,Type_CD ) Values('Bearing_QUE','BearingMM','查询','查询','Control','0','3','86','0','','1','','','0','2642');
Insert Into BS_AppAction(AppAction_CD,AppAction_CD_Ref,Desc_TX,Name_TX,ActionType_CD,SysAction_YN,Level_NR,SortNo_NR,DataRange_YN,DataRangeList_TX,Visible_YN,InvokeObject_TX,SpecDataRange_YN,Flow_YN,Type_CD ) Values('Bearing_ADD','BearingMM','添加','添加','Control','0','3','87','0','','1','','','0','2642');
Insert Into BS_AppAction(AppAction_CD,AppAction_CD_Ref,Desc_TX,Name_TX,ActionType_CD,SysAction_YN,Level_NR,SortNo_NR,DataRange_YN,DataRangeList_TX,Visible_YN,InvokeObject_TX,SpecDataRange_YN,Flow_YN,Type_CD ) Values('Bearing_DEL','BearingMM','删除','删除','Control','0','3','88','0','','1','','','0','2642');
Insert Into BS_AppAction(AppAction_CD,AppAction_CD_Ref,Desc_TX,Name_TX,ActionType_CD,SysAction_YN,Level_NR,SortNo_NR,DataRange_YN,DataRangeList_TX,Visible_YN,InvokeObject_TX,SpecDataRange_YN,Flow_YN,Type_CD ) Values('Bearing_EDT','BearingMM','修改','修改','Control','0','3','89','0','','1','','','0','2642');
Insert Into BS_AppAction(AppAction_CD,AppAction_CD_Ref,Desc_TX,Name_TX,ActionType_CD,SysAction_YN,Level_NR,SortNo_NR,DataRange_YN,DataRangeList_TX,Visible_YN,InvokeObject_TX,SpecDataRange_YN,Flow_YN,Type_CD ) Values('SMSConfigMM','','短信设置','短信设置','Menu','0','2','90','1','OR|AL','1','','','0','2642');
Insert Into BS_AppAction(AppAction_CD,AppAction_CD_Ref,Desc_TX,Name_TX,ActionType_CD,SysAction_YN,Level_NR,SortNo_NR,DataRange_YN,DataRangeList_TX,Visible_YN,InvokeObject_TX,SpecDataRange_YN,Flow_YN,Type_CD ) Values('SMSConfig_EDT','SMSConfigMM','短信设置','短信设置','Control','0','3','91','0','','1','','','0','2642');
Insert Into BS_AppAction(AppAction_CD,AppAction_CD_Ref,Desc_TX,Name_TX,ActionType_CD,SysAction_YN,Level_NR,SortNo_NR,DataRange_YN,DataRangeList_TX,Visible_YN,InvokeObject_TX,SpecDataRange_YN,Flow_YN,Type_CD ) Values('DataVarMM','','数据源变量管理','数据源变量管理','Menu','0','2','92','0','','1','','','0','2642');
Insert Into BS_AppAction(AppAction_CD,AppAction_CD_Ref,Desc_TX,Name_TX,ActionType_CD,SysAction_YN,Level_NR,SortNo_NR,DataRange_YN,DataRangeList_TX,Visible_YN,InvokeObject_TX,SpecDataRange_YN,Flow_YN,Type_CD ) Values('DataVar_Browse','DataVarMM','浏览','浏览','Control','0','3','93','0','','1','','','0','2642');
Insert Into BS_AppAction(AppAction_CD,AppAction_CD_Ref,Desc_TX,Name_TX,ActionType_CD,SysAction_YN,Level_NR,SortNo_NR,DataRange_YN,DataRangeList_TX,Visible_YN,InvokeObject_TX,SpecDataRange_YN,Flow_YN,Type_CD ) Values('DataVar_ADD','DataVarMM','添加','添加','Control','0','3','94','0','','1','','','0','2642');
Insert Into BS_AppAction(AppAction_CD,AppAction_CD_Ref,Desc_TX,Name_TX,ActionType_CD,SysAction_YN,Level_NR,SortNo_NR,DataRange_YN,DataRangeList_TX,Visible_YN,InvokeObject_TX,SpecDataRange_YN,Flow_YN,Type_CD ) Values('DataVar_EDT','DataVarMM','修改','修改','Control','0','3','95','0','','1','','','0','2642');
Insert Into BS_AppAction(AppAction_CD,AppAction_CD_Ref,Desc_TX,Name_TX,ActionType_CD,SysAction_YN,Level_NR,SortNo_NR,DataRange_YN,DataRangeList_TX,Visible_YN,InvokeObject_TX,SpecDataRange_YN,Flow_YN,Type_CD ) Values('DataVar_DEL','DataVarMM','删除','删除','Control','0','3','96','0','','1','','','0','2642');
Insert Into BS_AppAction(AppAction_CD,AppAction_CD_Ref,Desc_TX,Name_TX,ActionType_CD,SysAction_YN,Level_NR,SortNo_NR,DataRange_YN,DataRangeList_TX,Visible_YN,InvokeObject_TX,SpecDataRange_YN,Flow_YN,Type_CD ) Values('DataVar_DTL','DataVarMM','明细','明细','Control','0','3','97','0','','1','','','0','2642');
Insert Into BS_AppAction(AppAction_CD,AppAction_CD_Ref,Desc_TX,Name_TX,ActionType_CD,SysAction_YN,Level_NR,SortNo_NR,DataRange_YN,DataRangeList_TX,Visible_YN,InvokeObject_TX,SpecDataRange_YN,Flow_YN,Type_CD ) Values('DataVar_EXP','DataVarMM','导出当前页','导出当前页','Control','0','3','98','0','','1','','','0','2642');
Insert Into BS_AppAction(AppAction_CD,AppAction_CD_Ref,Desc_TX,Name_TX,ActionType_CD,SysAction_YN,Level_NR,SortNo_NR,DataRange_YN,DataRangeList_TX,Visible_YN,InvokeObject_TX,SpecDataRange_YN,Flow_YN,Type_CD ) Values('DataVar_EXA','DataVarMM','导出全部','导出全部','Control','0','3','99','0','','1','','','0','2642');
Insert Into BS_AppAction(AppAction_CD,AppAction_CD_Ref,Desc_TX,Name_TX,ActionType_CD,SysAction_YN,Level_NR,SortNo_NR,DataRange_YN,DataRangeList_TX,Visible_YN,InvokeObject_TX,SpecDataRange_YN,Flow_YN,Type_CD ) Values('DataVar_LST','DataVarMM','列表设置','列表设置','Control','0','3','100','0','','1','','','0','2642');
Insert Into BS_AppAction(AppAction_CD,AppAction_CD_Ref,Desc_TX,Name_TX,ActionType_CD,SysAction_YN,Level_NR,SortNo_NR,DataRange_YN,DataRangeList_TX,Visible_YN,InvokeObject_TX,SpecDataRange_YN,Flow_YN,Type_CD ) Values('SMSHistoryMM','','短信统计','短信统计','Menu','0','2','101','1','PE|DE|OR|AL','1','','','0','2642');
Insert Into BS_AppAction(AppAction_CD,AppAction_CD_Ref,Desc_TX,Name_TX,ActionType_CD,SysAction_YN,Level_NR,SortNo_NR,DataRange_YN,DataRangeList_TX,Visible_YN,InvokeObject_TX,SpecDataRange_YN,Flow_YN,Type_CD ) Values('SMSHistory_Browse','SMSHistoryMM','浏览','浏览','Control','0','3','102','0','','1','','','0','2642');
Insert Into BS_AppAction(AppAction_CD,AppAction_CD_Ref,Desc_TX,Name_TX,ActionType_CD,SysAction_YN,Level_NR,SortNo_NR,DataRange_YN,DataRangeList_TX,Visible_YN,InvokeObject_TX,SpecDataRange_YN,Flow_YN,Type_CD ) Values('SMSHistory_QUE','SMSHistoryMM','查询','查询','Control','0','3','103','0','','1','','','0','2642');
Insert Into BS_AppAction(AppAction_CD,AppAction_CD_Ref,Desc_TX,Name_TX,ActionType_CD,SysAction_YN,Level_NR,SortNo_NR,DataRange_YN,DataRangeList_TX,Visible_YN,InvokeObject_TX,SpecDataRange_YN,Flow_YN,Type_CD ) Values('SMSHistory_DEL','SMSHistoryMM','删除','删除','Control','0','3','104','0','','1','','','0','2642');
Insert Into BS_AppAction(AppAction_CD,AppAction_CD_Ref,Desc_TX,Name_TX,ActionType_CD,SysAction_YN,Level_NR,SortNo_NR,DataRange_YN,DataRangeList_TX,Visible_YN,InvokeObject_TX,SpecDataRange_YN,Flow_YN,Type_CD ) Values('SMSHistory_DTL','SMSHistoryMM','明细','明细','Control','0','3','105','0','','1','','','0','2642');
Insert Into BS_AppAction(AppAction_CD,AppAction_CD_Ref,Desc_TX,Name_TX,ActionType_CD,SysAction_YN,Level_NR,SortNo_NR,DataRange_YN,DataRangeList_TX,Visible_YN,InvokeObject_TX,SpecDataRange_YN,Flow_YN,Type_CD ) Values('SMSHistory_EXP','SMSHistoryMM','导出当前页','导出当前页','Control','0','3','106','0','','1','','','0','2642');
Insert Into BS_AppAction(AppAction_CD,AppAction_CD_Ref,Desc_TX,Name_TX,ActionType_CD,SysAction_YN,Level_NR,SortNo_NR,DataRange_YN,DataRangeList_TX,Visible_YN,InvokeObject_TX,SpecDataRange_YN,Flow_YN,Type_CD ) Values('SMSHistory_EXA','SMSHistoryMM','导出全部','导出全部','Control','0','3','107','0','','1','','','0','2642');
Insert Into BS_AppAction(AppAction_CD,AppAction_CD_Ref,Desc_TX,Name_TX,ActionType_CD,SysAction_YN,Level_NR,SortNo_NR,DataRange_YN,DataRangeList_TX,Visible_YN,InvokeObject_TX,SpecDataRange_YN,Flow_YN,Type_CD ) Values('SMSHistory_LST','SMSHistoryMM','列表设置','列表设置','Control','0','3','108','0','','1','','','0','2642');
GO
-----权限操作结束--------------
-----页面开始--------------
Delete From BS_ModulePage where type_CD = '2642';
Insert Into BS_ModulePage(PageKey_TX,Name_TX,PageUrl_TX,AppAction_CD,Type_CD ) Values('ZXMObj_ADD','添加','~/AppZX/AppBaseInfo/MObjectManager/MObjectEdit.aspx','ZXMObj_ADD','2642');
Insert Into BS_ModulePage(PageKey_TX,Name_TX,PageUrl_TX,AppAction_CD,Type_CD ) Values('ZXMObj_DTL','明细','~/AppZX/AppBaseInfo/MObjectManager/MObjectDetail.aspx','ZXMObj_DTL','2642');
Insert Into BS_ModulePage(PageKey_TX,Name_TX,PageUrl_TX,AppAction_CD,Type_CD ) Values('ZXMObj_EDT','修改','~/AppZX/AppBaseInfo/MObjectManager/MObjectEdit.aspx/edit','ZXMObj_EDT','2642');
Insert Into BS_ModulePage(PageKey_TX,Name_TX,PageUrl_TX,AppAction_CD,Type_CD ) Values('ZXMObjManage','在线设备管理','~/AppZX/AppBaseInfo/MObjectManager/MObjectManage.aspx','ZXMObjMM','2642');
Insert Into BS_ModulePage(PageKey_TX,Name_TX,PageUrl_TX,AppAction_CD,Type_CD ) Values('ZXMObjMM','在线设备管理','~/AppZX/AppBaseInfo/MObjectManager/MObjectList.aspx','ZXMObjMM','2642');
Insert Into BS_ModulePage(PageKey_TX,Name_TX,PageUrl_TX,AppAction_CD,Type_CD ) Values('Point_ADD','添加','~/AppZX/MonitorManage/PointManage/PointEdit.aspx','Point_ADD','2642');
Insert Into BS_ModulePage(PageKey_TX,Name_TX,PageUrl_TX,AppAction_CD,Type_CD ) Values('Point_DTL','明细','~/AppZX/MonitorManage/PointManage/PointDetail.aspx','Point_DTL','2642');
Insert Into BS_ModulePage(PageKey_TX,Name_TX,PageUrl_TX,AppAction_CD,Type_CD ) Values('Point_EDT','修改','~/AppZX/MonitorManage/PointManage/PointEdit.aspx/edit','Point_EDT','2642');
Insert Into BS_ModulePage(PageKey_TX,Name_TX,PageUrl_TX,AppAction_CD,Type_CD ) Values('PntStdAlm','测点特征值常规报警设置详情','~/AppZX/MonitorManage/PointManage/PntStdAlmDtl.aspx','Point_EDT','2642');
Insert Into BS_ModulePage(PageKey_TX,Name_TX,PageUrl_TX,AppAction_CD,Type_CD ) Values('PointManage','测点管理','~/AppZX/MonitorManage/PointManage/PointManage.aspx','PointMM','2642');
Insert Into BS_ModulePage(PageKey_TX,Name_TX,PageUrl_TX,AppAction_CD,Type_CD ) Values('PointMM','测点管理','~/AppZX/MonitorManage/PointManage/PointList.aspx','PointMM','2642');
Insert Into BS_ModulePage(PageKey_TX,Name_TX,PageUrl_TX,AppAction_CD,Type_CD ) Values('PointGroup_ADD','添加','~/AppZX/MonitorManage/PointGroupManage/PointGroupEdit.aspx','PointGroup_ADD','2642');
Insert Into BS_ModulePage(PageKey_TX,Name_TX,PageUrl_TX,AppAction_CD,Type_CD ) Values('PointGroup_DTL','明细','~/AppZX/MonitorManage/PointGroupManage/PointGroupDetail.aspx','PointGroup_DTL','2642');
Insert Into BS_ModulePage(PageKey_TX,Name_TX,PageUrl_TX,AppAction_CD,Type_CD ) Values('PointGroup_EDT','修改','~/AppZX/MonitorManage/PointGroupManage/PointGroupEdit.aspx/edit','PointGroup_EDT','2642');
Insert Into BS_ModulePage(PageKey_TX,Name_TX,PageUrl_TX,AppAction_CD,Type_CD ) Values('PointGroupManage','测点分组管理','~/AppZX/MonitorManage/PointGroupManage/PointGroupManage.aspx','PointGroupMM','2642');
Insert Into BS_ModulePage(PageKey_TX,Name_TX,PageUrl_TX,AppAction_CD,Type_CD ) Values('PointGroupMM','测点分组管理','~/AppZX/MonitorManage/PointGroupManage/PointGroupList.aspx','PointGroupMM','2642');
Insert Into BS_ModulePage(PageKey_TX,Name_TX,PageUrl_TX,AppAction_CD,Type_CD ) Values('Station_ADD','添加','~/AppZX/SampleStationManage/StationManage/StationEdit.aspx','Station_ADD','2642');
Insert Into BS_ModulePage(PageKey_TX,Name_TX,PageUrl_TX,AppAction_CD,Type_CD ) Values('Station_DTL','明细','~/AppZX/SampleStationManage/StationManage/StationDetail.aspx','Station_DTL','2642');
Insert Into BS_ModulePage(PageKey_TX,Name_TX,PageUrl_TX,AppAction_CD,Type_CD ) Values('Station_EDT','修改','~/AppZX/SampleStationManage/StationManage/StationEdit.aspx/edit','Station_EDT','2642');
Insert Into BS_ModulePage(PageKey_TX,Name_TX,PageUrl_TX,AppAction_CD,Type_CD ) Values('StationDetail','采集工作站通道设置详情','~/AppZX/SampleStationManage/StationManage/StationChannelDetail.aspx','Station_DTL','2642');
Insert Into BS_ModulePage(PageKey_TX,Name_TX,PageUrl_TX,AppAction_CD,Type_CD ) Values('StationMM','采集工作站管理','~/AppZX/SampleStationManage/StationManage/StationList.aspx','StationMM','2642');
Insert Into BS_ModulePage(PageKey_TX,Name_TX,PageUrl_TX,AppAction_CD,Type_CD ) Values('StationSelect','采集工作站选择列表','~/AppZX/SampleStationManage/StationManage/StationSelect.aspx','ServerDAU_EDT','2642');
Insert Into BS_ModulePage(PageKey_TX,Name_TX,PageUrl_TX,AppAction_CD,Type_CD ) Values('StationCTLMM','采集工作站控制','~/AppZX/SampleStationManage/StationControl/StationControlList.aspx','StationCTLMM','2642');
Insert Into BS_ModulePage(PageKey_TX,Name_TX,PageUrl_TX,AppAction_CD,Type_CD ) Values('Station_CTL','采集工作站控制','~/AppZX/SampleStationManage/StationControl/StationControl.aspx','Station_CTL','2642');
Insert Into BS_ModulePage(PageKey_TX,Name_TX,PageUrl_TX,AppAction_CD,Type_CD ) Values('AlmReset_CTL','报警复位控制','~/AppZX/SampleStationManage/StationControl/StationControl.aspx/AlmReset','AlmReset_CTL','2642');
Insert Into BS_ModulePage(PageKey_TX,Name_TX,PageUrl_TX,AppAction_CD,Type_CD ) Values('Channel_ADD','添加','~/AppZX/SampleStationManage/ChannelManage/ChannelEdit.aspx','Channel_ADD','2642');
Insert Into BS_ModulePage(PageKey_TX,Name_TX,PageUrl_TX,AppAction_CD,Type_CD ) Values('Channel_DTL','明细','~/AppZX/SampleStationManage/ChannelManage/ChannelDetail.aspx','Channel_DTL','2642');
Insert Into BS_ModulePage(PageKey_TX,Name_TX,PageUrl_TX,AppAction_CD,Type_CD ) Values('Channel_EDT','修改','~/AppZX/SampleStationManage/ChannelManage/ChannelEdit.aspx/edit','Channel_EDT','2642');
Insert Into BS_ModulePage(PageKey_TX,Name_TX,PageUrl_TX,AppAction_CD,Type_CD ) Values('ChnlAlmNum','采集通道连续报警次数设置详情','~/AppZX/SampleStationManage/ChannelManage/AlarmNumDetail.aspx','Channel_EDT','2642');
Insert Into BS_ModulePage(PageKey_TX,Name_TX,PageUrl_TX,AppAction_CD,Type_CD ) Values('ChannelMM','采集通道管理','~/AppZX/SampleStationManage/ChannelManage/ChannelList.aspx','ChannelMM','2642');
Insert Into BS_ModulePage(PageKey_TX,Name_TX,PageUrl_TX,AppAction_CD,Type_CD ) Values('Server_ADD','添加','~/AppZX/SampleStationManage/ServerManage/ServerEdit.aspx','Server_ADD','2642');
Insert Into BS_ModulePage(PageKey_TX,Name_TX,PageUrl_TX,AppAction_CD,Type_CD ) Values('Server_DTL','明细','~/AppZX/SampleStationManage/ServerManage/ServerDetail.aspx','Server_DTL','2642');
Insert Into BS_ModulePage(PageKey_TX,Name_TX,PageUrl_TX,AppAction_CD,Type_CD ) Values('Server_EDT','修改','~/AppZX/SampleStationManage/ServerManage/ServerEdit.aspx/edit','Server_EDT','2642');
Insert Into BS_ModulePage(PageKey_TX,Name_TX,PageUrl_TX,AppAction_CD,Type_CD ) Values('ServerMM','采集服务器管理','~/AppZX/SampleStationManage/ServerManage/ServerList.aspx','ServerMM','2642');
Insert Into BS_ModulePage(PageKey_TX,Name_TX,PageUrl_TX,AppAction_CD,Type_CD ) Values('ServerDAU_ADD','添加','~/AppZX/SampleStationManage/ServerDAUManage/ServerDAUEdit.aspx','ServerDAU_ADD','2642');
Insert Into BS_ModulePage(PageKey_TX,Name_TX,PageUrl_TX,AppAction_CD,Type_CD ) Values('ServerDAU_DTL','明细','~/AppZX/SampleStationManage/ServerDAUManage/ServerDAUDetail.aspx','ServerDAU_DTL','2642');
Insert Into BS_ModulePage(PageKey_TX,Name_TX,PageUrl_TX,AppAction_CD,Type_CD ) Values('ServerDAU_EDT','修改','~/AppZX/SampleStationManage/ServerDAUManage/ServerDAUEdit.aspx/edit','ServerDAU_EDT','2642');
Insert Into BS_ModulePage(PageKey_TX,Name_TX,PageUrl_TX,AppAction_CD,Type_CD ) Values('ServerDAUMM','数据采集器管理','~/AppZX/SampleStationManage/ServerDAUManage/ServerDAUList.aspx','ServerDAUMM','2642');
Insert Into BS_ModulePage(PageKey_TX,Name_TX,PageUrl_TX,AppAction_CD,Type_CD ) Values('ServerDAUCTLMM','数据采集器控制','~/AppZX/SampleStationManage/ServerDAUControl/ServerDAUControlList.aspx','ServerDAUCTLMM','2642');
Insert Into BS_ModulePage(PageKey_TX,Name_TX,PageUrl_TX,AppAction_CD,Type_CD ) Values('ServerDAU_CTL','数据采集器控制','~/AppZX/SampleStationManage/ServerDAUControl/ServerDAUControl.aspx','ServerDAU_CTL','2642');
Insert Into BS_ModulePage(PageKey_TX,Name_TX,PageUrl_TX,AppAction_CD,Type_CD ) Values('HistoryData_DTL','明细','~/AppZX/MonitorManage/MonitorDataManager/HistoryDataDetail.aspx','HistoryData_DTL','2642');
Insert Into BS_ModulePage(PageKey_TX,Name_TX,PageUrl_TX,AppAction_CD,Type_CD ) Values('HistoryDataManage','在线数据管理','~/AppZX/MonitorManage/MonitorDataManager/HistoryDataManage.aspx','HistoryDataMM','2642');
Insert Into BS_ModulePage(PageKey_TX,Name_TX,PageUrl_TX,AppAction_CD,Type_CD ) Values('HistoryDataMM','在线数据管理','~/AppZX/MonitorManage/MonitorDataManager/HistoryDataList.aspx','HistoryDataMM','2642');
Insert Into BS_ModulePage(PageKey_TX,Name_TX,PageUrl_TX,AppAction_CD,Type_CD ) Values('OverViewMonitor','总貌图','~/AppZX/MainPage.aspx','OverViewMonitor','2642');
Insert Into BS_ModulePage(PageKey_TX,Name_TX,PageUrl_TX,AppAction_CD,Type_CD ) Values('OverView_Monitor','总貌图','~/AppZX/MainPage.aspx','OverView_Monitor','2642');
Insert Into BS_ModulePage(PageKey_TX,Name_TX,PageUrl_TX,AppAction_CD,Type_CD ) Values('MornitorAnlsMM','监测分析','~/AppZX/AppAnalysis/AnalysisManager/MornitorAnalysisManager.aspx','MornitorAnlsMM','2642');
Insert Into BS_ModulePage(PageKey_TX,Name_TX,PageUrl_TX,AppAction_CD,Type_CD ) Values('OverViewManage','总貌图设置','~/AppZX/MonitorManage/OverviewManager/OVManage.aspx','OverViewMM','2642');
Insert Into BS_ModulePage(PageKey_TX,Name_TX,PageUrl_TX,AppAction_CD,Type_CD ) Values('OverViewMM','总貌图设置','~/AppZX/MonitorManage/OverviewManager/View.aspx','OverView_Browse','2642');
Insert Into BS_ModulePage(PageKey_TX,Name_TX,PageUrl_TX,AppAction_CD,Type_CD ) Values('OverView_Browse','浏览','~/AppZX/MonitorManage/OverviewManager/OverView.aspx','OverView_Browse','2642');
Insert Into BS_ModulePage(PageKey_TX,Name_TX,PageUrl_TX,AppAction_CD,Type_CD ) Values('OverView_EDT','编辑','~/AppZX/MonitorManage/OverviewManager/OverViewEdit.aspx','OverView_EDT','2642');
Insert Into BS_ModulePage(PageKey_TX,Name_TX,PageUrl_TX,AppAction_CD,Type_CD ) Values('OverView_ADD','添加','~/AppZX/MonitorManage/OverviewManager/PicEdit.aspx','OverView_EDT','2642');
Insert Into BS_ModulePage(PageKey_TX,Name_TX,PageUrl_TX,AppAction_CD,Type_CD ) Values('OverView_Img','总貌图','~/AppZX/MonitorManage/OverviewManager/Img.aspx','OverView_Browse','2642');
Insert Into BS_ModulePage(PageKey_TX,Name_TX,PageUrl_TX,AppAction_CD,Type_CD ) Values('OverView_ADDMob','总貌图添加设备','~/AppZX/MonitorManage/OverviewManager/OverViewAddMob.aspx','OverView_EDT','2642');
Insert Into BS_ModulePage(PageKey_TX,Name_TX,PageUrl_TX,AppAction_CD,Type_CD ) Values('OverView_ADDPnt','总貌图添加测点','~/AppZX/MonitorManage/OverviewManager/OverViewAddPnt.aspx','OverView_EDT','2642');
Insert Into BS_ModulePage(PageKey_TX,Name_TX,PageUrl_TX,AppAction_CD,Type_CD ) Values('BarDiagramMM','棒图设置','~/AppZX/MonitorManage/BarDiagramManager/BarGroupList.aspx','BarDiagramMM','2642');
Insert Into BS_ModulePage(PageKey_TX,Name_TX,PageUrl_TX,AppAction_CD,Type_CD ) Values('BarDiagram_ADD','棒图添加','~/AppZX/MonitorManage/BarDiagramManager/BarGroupEdit.aspx','BarDiagram_ADD','2642');
Insert Into BS_ModulePage(PageKey_TX,Name_TX,PageUrl_TX,AppAction_CD,Type_CD ) Values('BarDiagram_EDT','棒图修改','~/AppZX/MonitorManage/BarDiagramManager/BarGroupEdit.aspx/edit','BarDiagram_EDT','2642');
Insert Into BS_ModulePage(PageKey_TX,Name_TX,PageUrl_TX,AppAction_CD,Type_CD ) Values('BarDiagram_DTL','棒图明细','~/AppZX/MonitorManage/BarDiagramManager/BarGroupDetail.aspx','BarDiagram_DTL','2642');
Insert Into BS_ModulePage(PageKey_TX,Name_TX,PageUrl_TX,AppAction_CD,Type_CD ) Values('FeatureFreqGroupManage','特征频率管理','~/AppZX/MonitorManage/FeatureFreqManager/FeatFreqManage.aspx','FeatureFreqMM','2642');
Insert Into BS_ModulePage(PageKey_TX,Name_TX,PageUrl_TX,AppAction_CD,Type_CD ) Values('FeatureFreqGroupMM','特征频率管理','~/AppZX/MonitorManage/FeatureFreqManager/FeatureFreqGroupList.aspx','FeatureFreqMM','2642');
Insert Into BS_ModulePage(PageKey_TX,Name_TX,PageUrl_TX,AppAction_CD,Type_CD ) Values('FeatureFreqMM','特征频率管理','~/AppZX/MonitorManage/FeatureFreqManager/FeatureFreqList.aspx','FeatureFreqMM','2642');
Insert Into BS_ModulePage(PageKey_TX,Name_TX,PageUrl_TX,AppAction_CD,Type_CD ) Values('FeatureFreqGroup_ADD','添加特征频率分组','~/AppZX/MonitorManage/FeatureFreqManager/FeatureFreqGroupEdit.aspx','FeatureFreq_ADD','2642');
Insert Into BS_ModulePage(PageKey_TX,Name_TX,PageUrl_TX,AppAction_CD,Type_CD ) Values('FeatureFreqGroup_EDT','修改特征频率分组','~/AppZX/MonitorManage/FeatureFreqManager/FeatureFreqGroupEdit.aspx/edit','FeatureFreq_EDT','2642');
Insert Into BS_ModulePage(PageKey_TX,Name_TX,PageUrl_TX,AppAction_CD,Type_CD ) Values('FeatureFreqGroup_DTL','特征频率分组明细','~/AppZX/MonitorManage/FeatureFreqManager/FeatureFreqGroupDetail.aspx','FeatureFreq_DTL','2642');
Insert Into BS_ModulePage(PageKey_TX,Name_TX,PageUrl_TX,AppAction_CD,Type_CD ) Values('FeatureFreqGroup_Refer','特征频率分组关联','~/AppZX/MonitorManage/FeatureFreqManager/FeatureFreqGroupRefer.aspx','FeatureFreqGroup_REL','2642');
Insert Into BS_ModulePage(PageKey_TX,Name_TX,PageUrl_TX,AppAction_CD,Type_CD ) Values('FeatureFreq_ADD','添加特征频率','~/AppZX/MonitorManage/FeatureFreqManager/FeatureFreqEdit.aspx','FeatureFreq_ADD','2642');
Insert Into BS_ModulePage(PageKey_TX,Name_TX,PageUrl_TX,AppAction_CD,Type_CD ) Values('FeatureFreq_EDT','修改特征频率','~/AppZX/MonitorManage/FeatureFreqManager/FeatureFreqEdit.aspx/edit','FeatureFreq_EDT','2642');
Insert Into BS_ModulePage(PageKey_TX,Name_TX,PageUrl_TX,AppAction_CD,Type_CD ) Values('BearingMM','轴承库','~/AppZX/AppAnalysis/BearingManager/BearingList.aspx','BearingMM','2642');
Insert Into BS_ModulePage(PageKey_TX,Name_TX,PageUrl_TX,AppAction_CD,Type_CD ) Values('Bearing_ADD','轴承添加','~/AppZX/AppAnalysis/BearingManager/BearingEdit.aspx','Bearing_ADD','2642');
Insert Into BS_ModulePage(PageKey_TX,Name_TX,PageUrl_TX,AppAction_CD,Type_CD ) Values('Bearing_EDT','轴承修改','~/AppZX/AppAnalysis/BearingManager/BearingEdit.aspx/edit','Bearing_EDT','2642');
Insert Into BS_ModulePage(PageKey_TX,Name_TX,PageUrl_TX,AppAction_CD,Type_CD ) Values('MainPage_ZX','首页面','~/AppZX/Main.aspx','','2642');
Insert Into BS_ModulePage(PageKey_TX,Name_TX,PageUrl_TX,AppAction_CD,Type_CD ) Values('SMSManage','短信设置','~/AppZX/AppBaseInfo/SMSManager/SMSManage.aspx','SMSConfigMM','2642');
Insert Into BS_ModulePage(PageKey_TX,Name_TX,PageUrl_TX,AppAction_CD,Type_CD ) Values('SMSConfigMM','短信设置','~/AppZX/AppBaseInfo/SMSManager/SMSEdit.aspx','SMSConfigMM','2642');
Insert Into BS_ModulePage(PageKey_TX,Name_TX,PageUrl_TX,AppAction_CD,Type_CD ) Values('DataVar_ADD','添加','~/AppZX/MonitorManage/DataVarManage/DataVarEdit.aspx','DataVar_ADD','2642');
Insert Into BS_ModulePage(PageKey_TX,Name_TX,PageUrl_TX,AppAction_CD,Type_CD ) Values('DataVar_DTL','明细','~/AppZX/MonitorManage/DataVarManage/DataVarDetail.aspx','DataVar_DTL','2642');
Insert Into BS_ModulePage(PageKey_TX,Name_TX,PageUrl_TX,AppAction_CD,Type_CD ) Values('DataVar_EDT','修改','~/AppZX/MonitorManage/DataVarManage/DataVarEdit.aspx/edit','DataVar_EDT','2642');
Insert Into BS_ModulePage(PageKey_TX,Name_TX,PageUrl_TX,AppAction_CD,Type_CD ) Values('DataVarMM','数据源变量管理','~/AppZX/MonitorManage/DataVarManage/DataVarList.aspx','DataVarMM','2642');
Insert Into BS_ModulePage(PageKey_TX,Name_TX,PageUrl_TX,AppAction_CD,Type_CD ) Values('SMSHistory_DTL','明细','~/AppZX/AppBaseInfo/SMSHistoryManage/SMSHistoryDetail.aspx','SMSHistory_DTL','2642');
Insert Into BS_ModulePage(PageKey_TX,Name_TX,PageUrl_TX,AppAction_CD,Type_CD ) Values('SMSHistoryManage','短信统计','~/AppZX/AppBaseInfo/SMSHistoryManage/SMSHistoryManage.aspx','SMSHistoryMM','2642');
Insert Into BS_ModulePage(PageKey_TX,Name_TX,PageUrl_TX,AppAction_CD,Type_CD ) Values('SMSHistoryMM','短信统计','~/AppZX/AppBaseInfo/SMSHistoryManage/SMSHistoryList.aspx','SMSHistoryMM','2642');
GO
-----页面结束--------------
-----页面控件开始--------------
Delete From BS_PageControl where Type_CD = '2642';
Insert Into BS_PageControl(PageControl_ID,CommandName_TX,Name_TX,PageControlType_CD,PageKey_TX,ToolTip_TX,AppAction_CD,PageControlImageKey_TX,RedirectPageKey_TX,ControlGroup_TX,SortNo_NR,Type_CD ) Values('200000','Query','查询','ToolBarButton','ZXMObjMM','查询','ZXMObj_QUE','Query','ZXMObj_QUE','','0','2642');
Insert Into BS_PageControl(PageControl_ID,CommandName_TX,Name_TX,PageControlType_CD,PageKey_TX,ToolTip_TX,AppAction_CD,PageControlImageKey_TX,RedirectPageKey_TX,ControlGroup_TX,SortNo_NR,Type_CD ) Values('200001','Add','添加','ToolBarButton','ZXMObjMM','添加','ZXMObj_ADD','Add','ZXMObj_ADD','','1','2642');
Insert Into BS_PageControl(PageControl_ID,CommandName_TX,Name_TX,PageControlType_CD,PageKey_TX,ToolTip_TX,AppAction_CD,PageControlImageKey_TX,RedirectPageKey_TX,ControlGroup_TX,SortNo_NR,Type_CD ) Values('200002','Edit','修改','ToolBarButton','ZXMObjMM','修改','ZXMObj_EDT','Edit','ZXMObj_EDT','','2','2642');
Insert Into BS_PageControl(PageControl_ID,CommandName_TX,Name_TX,PageControlType_CD,PageKey_TX,ToolTip_TX,AppAction_CD,PageControlImageKey_TX,RedirectPageKey_TX,ControlGroup_TX,SortNo_NR,Type_CD ) Values('200003','Delete','删除','ToolBarButton','ZXMObjMM','删除','ZXMObj_DEL','Delete','','','3','2642');
Insert Into BS_PageControl(PageControl_ID,CommandName_TX,Name_TX,PageControlType_CD,PageKey_TX,ToolTip_TX,AppAction_CD,PageControlImageKey_TX,RedirectPageKey_TX,ControlGroup_TX,SortNo_NR,Type_CD ) Values('200004','Detail','明细','ToolBarButton','ZXMObjMM','明细','ZXMObj_DTL','Detail','ZXMObj_DTL','','4','2642');
Insert Into BS_PageControl(PageControl_ID,CommandName_TX,Name_TX,PageControlType_CD,PageKey_TX,ToolTip_TX,AppAction_CD,PageControlImageKey_TX,RedirectPageKey_TX,ControlGroup_TX,SortNo_NR,Type_CD ) Values('200005','PDExportCurrent','导出当前页','ToolBarButton','ZXMObjMM','导出当前页','ZXMObj_EXP','PDExportCurrent','','','5','2642');
Insert Into BS_PageControl(PageControl_ID,CommandName_TX,Name_TX,PageControlType_CD,PageKey_TX,ToolTip_TX,AppAction_CD,PageControlImageKey_TX,RedirectPageKey_TX,ControlGroup_TX,SortNo_NR,Type_CD ) Values('200006','PDExportAll','导出全部','ToolBarButton','ZXMObjMM','导出全部','ZXMObj_EXA','PDExportAll','','','6','2642');
Insert Into BS_PageControl(PageControl_ID,CommandName_TX,Name_TX,PageControlType_CD,PageKey_TX,ToolTip_TX,AppAction_CD,PageControlImageKey_TX,RedirectPageKey_TX,ControlGroup_TX,SortNo_NR,Type_CD ) Values('200007','ListSet','列表设置','ToolBarButton','ZXMObjMM','列表设置','MObj_LST','ListSet','ZXMObj_LST','','7','2642');
Insert Into BS_PageControl(PageControl_ID,CommandName_TX,Name_TX,PageControlType_CD,PageKey_TX,ToolTip_TX,AppAction_CD,PageControlImageKey_TX,RedirectPageKey_TX,ControlGroup_TX,SortNo_NR,Type_CD ) Values('200008','Add','添加','ToolBarButton','PointMM','添加','Point_ADD','Add','Point_ADD','','8','2642');
Insert Into BS_PageControl(PageControl_ID,CommandName_TX,Name_TX,PageControlType_CD,PageKey_TX,ToolTip_TX,AppAction_CD,PageControlImageKey_TX,RedirectPageKey_TX,ControlGroup_TX,SortNo_NR,Type_CD ) Values('200009','Edit','修改','ToolBarButton','PointMM','修改','Point_EDT','Edit','Point_EDT','','9','2642');
Insert Into BS_PageControl(PageControl_ID,CommandName_TX,Name_TX,PageControlType_CD,PageKey_TX,ToolTip_TX,AppAction_CD,PageControlImageKey_TX,RedirectPageKey_TX,ControlGroup_TX,SortNo_NR,Type_CD ) Values('200010','Delete','删除','ToolBarButton','PointMM','删除','Point_DEL','Delete','','','10','2642');
Insert Into BS_PageControl(PageControl_ID,CommandName_TX,Name_TX,PageControlType_CD,PageKey_TX,ToolTip_TX,AppAction_CD,PageControlImageKey_TX,RedirectPageKey_TX,ControlGroup_TX,SortNo_NR,Type_CD ) Values('200011','Detail','明细','ToolBarButton','PointMM','明细','Point_DTL','Detail','Point_DTL','','11','2642');
Insert Into BS_PageControl(PageControl_ID,CommandName_TX,Name_TX,PageControlType_CD,PageKey_TX,ToolTip_TX,AppAction_CD,PageControlImageKey_TX,RedirectPageKey_TX,ControlGroup_TX,SortNo_NR,Type_CD ) Values('200012','PDExportCurrent','导出当前页','ToolBarButton','PointMM','导出当前页','Point_EXP','PDExportCurrent','','','12','2642');
Insert Into BS_PageControl(PageControl_ID,CommandName_TX,Name_TX,PageControlType_CD,PageKey_TX,ToolTip_TX,AppAction_CD,PageControlImageKey_TX,RedirectPageKey_TX,ControlGroup_TX,SortNo_NR,Type_CD ) Values('200013','PDExportAll','导出全部','ToolBarButton','PointMM','导出全部','Point_EXA','PDExportAll','','','13','2642');
Insert Into BS_PageControl(PageControl_ID,CommandName_TX,Name_TX,PageControlType_CD,PageKey_TX,ToolTip_TX,AppAction_CD,PageControlImageKey_TX,RedirectPageKey_TX,ControlGroup_TX,SortNo_NR,Type_CD ) Values('200014','ListSet','列表设置','ToolBarButton','PointMM','列表设置','Point_LST','ListSet','Point_LST','','14','2642');
Insert Into BS_PageControl(PageControl_ID,CommandName_TX,Name_TX,PageControlType_CD,PageKey_TX,ToolTip_TX,AppAction_CD,PageControlImageKey_TX,RedirectPageKey_TX,ControlGroup_TX,SortNo_NR,Type_CD ) Values('200015','Add','添加','ToolBarButton','PointGroupMM','添加','PointGroup_ADD','Add','PointGroup_ADD','','15','2642');
Insert Into BS_PageControl(PageControl_ID,CommandName_TX,Name_TX,PageControlType_CD,PageKey_TX,ToolTip_TX,AppAction_CD,PageControlImageKey_TX,RedirectPageKey_TX,ControlGroup_TX,SortNo_NR,Type_CD ) Values('200016','Edit','修改','ToolBarButton','PointGroupMM','修改','PointGroup_EDT','Edit','PointGroup_EDT','','16','2642');
Insert Into BS_PageControl(PageControl_ID,CommandName_TX,Name_TX,PageControlType_CD,PageKey_TX,ToolTip_TX,AppAction_CD,PageControlImageKey_TX,RedirectPageKey_TX,ControlGroup_TX,SortNo_NR,Type_CD ) Values('200017','Delete','删除','ToolBarButton','PointGroupMM','删除','PointGroup_DEL','Delete','','','17','2642');
Insert Into BS_PageControl(PageControl_ID,CommandName_TX,Name_TX,PageControlType_CD,PageKey_TX,ToolTip_TX,AppAction_CD,PageControlImageKey_TX,RedirectPageKey_TX,ControlGroup_TX,SortNo_NR,Type_CD ) Values('200018','Detail','明细','ToolBarButton','PointGroupMM','明细','PointGroup_DTL','Detail','PointGroup_DTL','','18','2642');
Insert Into BS_PageControl(PageControl_ID,CommandName_TX,Name_TX,PageControlType_CD,PageKey_TX,ToolTip_TX,AppAction_CD,PageControlImageKey_TX,RedirectPageKey_TX,ControlGroup_TX,SortNo_NR,Type_CD ) Values('200019','PDExportCurrent','导出当前页','ToolBarButton','PointGroupMM','导出当前页','PointGroup_EXP','PDExportCurrent','','','19','2642');
Insert Into BS_PageControl(PageControl_ID,CommandName_TX,Name_TX,PageControlType_CD,PageKey_TX,ToolTip_TX,AppAction_CD,PageControlImageKey_TX,RedirectPageKey_TX,ControlGroup_TX,SortNo_NR,Type_CD ) Values('200020','PDExportAll','导出全部','ToolBarButton','PointGroupMM','导出全部','PointGroup_EXA','PDExportAll','','','20','2642');
Insert Into BS_PageControl(PageControl_ID,CommandName_TX,Name_TX,PageControlType_CD,PageKey_TX,ToolTip_TX,AppAction_CD,PageControlImageKey_TX,RedirectPageKey_TX,ControlGroup_TX,SortNo_NR,Type_CD ) Values('200021','ListSet','列表设置','ToolBarButton','PointGroupMM','列表设置','PointGroup_LST','ListSet','PointGroup_LST','','21','2642');
Insert Into BS_PageControl(PageControl_ID,CommandName_TX,Name_TX,PageControlType_CD,PageKey_TX,ToolTip_TX,AppAction_CD,PageControlImageKey_TX,RedirectPageKey_TX,ControlGroup_TX,SortNo_NR,Type_CD ) Values('200022','Control','控制','ToolBarButton','StationCTLMM','控制','Station_CTL','Control','Station_CTL','','22','2642');
Insert Into BS_PageControl(PageControl_ID,CommandName_TX,Name_TX,PageControlType_CD,PageKey_TX,ToolTip_TX,AppAction_CD,PageControlImageKey_TX,RedirectPageKey_TX,ControlGroup_TX,SortNo_NR,Type_CD ) Values('200023','AlmResetControl','报警复位控制','ToolBarButton','StationCTLMM','报警复位控制','AlmReset_CTL','AlmResetControl','AlmReset_CTL','','23','2642');
Insert Into BS_PageControl(PageControl_ID,CommandName_TX,Name_TX,PageControlType_CD,PageKey_TX,ToolTip_TX,AppAction_CD,PageControlImageKey_TX,RedirectPageKey_TX,ControlGroup_TX,SortNo_NR,Type_CD ) Values('200024','Add','添加','ToolBarButton','StationMM','添加','Station_ADD','Add','Station_ADD','','24','2642');
Insert Into BS_PageControl(PageControl_ID,CommandName_TX,Name_TX,PageControlType_CD,PageKey_TX,ToolTip_TX,AppAction_CD,PageControlImageKey_TX,RedirectPageKey_TX,ControlGroup_TX,SortNo_NR,Type_CD ) Values('200025','Edit','修改','ToolBarButton','StationMM','修改','Station_EDT','Edit','Station_EDT','','25','2642');
Insert Into BS_PageControl(PageControl_ID,CommandName_TX,Name_TX,PageControlType_CD,PageKey_TX,ToolTip_TX,AppAction_CD,PageControlImageKey_TX,RedirectPageKey_TX,ControlGroup_TX,SortNo_NR,Type_CD ) Values('200026','Delete','删除','ToolBarButton','StationMM','删除','Station_DEL','Delete','','','26','2642');
Insert Into BS_PageControl(PageControl_ID,CommandName_TX,Name_TX,PageControlType_CD,PageKey_TX,ToolTip_TX,AppAction_CD,PageControlImageKey_TX,RedirectPageKey_TX,ControlGroup_TX,SortNo_NR,Type_CD ) Values('200027','Detail','明细','ToolBarButton','StationMM','明细','Station_DTL','Detail','Station_DTL','','27','2642');
Insert Into BS_PageControl(PageControl_ID,CommandName_TX,Name_TX,PageControlType_CD,PageKey_TX,ToolTip_TX,AppAction_CD,PageControlImageKey_TX,RedirectPageKey_TX,ControlGroup_TX,SortNo_NR,Type_CD ) Values('200028','Control','控制','ToolBarButton','StationMM','控制','Station_CTL','Control','Station_CTL','','28','2642');
Insert Into BS_PageControl(PageControl_ID,CommandName_TX,Name_TX,PageControlType_CD,PageKey_TX,ToolTip_TX,AppAction_CD,PageControlImageKey_TX,RedirectPageKey_TX,ControlGroup_TX,SortNo_NR,Type_CD ) Values('200029','Add','添加','ToolBarButton','ChannelMM','添加','Channel_ADD','Add','Channel_ADD','','29','2642');
Insert Into BS_PageControl(PageControl_ID,CommandName_TX,Name_TX,PageControlType_CD,PageKey_TX,ToolTip_TX,AppAction_CD,PageControlImageKey_TX,RedirectPageKey_TX,ControlGroup_TX,SortNo_NR,Type_CD ) Values('200030','Edit','修改','ToolBarButton','ChannelMM','修改','Channel_EDT','Edit','Channel_EDT','','30','2642');
Insert Into BS_PageControl(PageControl_ID,CommandName_TX,Name_TX,PageControlType_CD,PageKey_TX,ToolTip_TX,AppAction_CD,PageControlImageKey_TX,RedirectPageKey_TX,ControlGroup_TX,SortNo_NR,Type_CD ) Values('200031','Delete','删除','ToolBarButton','ChannelMM','删除','Channel_DEL','Delete','','','31','2642');
Insert Into BS_PageControl(PageControl_ID,CommandName_TX,Name_TX,PageControlType_CD,PageKey_TX,ToolTip_TX,AppAction_CD,PageControlImageKey_TX,RedirectPageKey_TX,ControlGroup_TX,SortNo_NR,Type_CD ) Values('200032','Detail','明细','ToolBarButton','ChannelMM','明细','Channel_DTL','Detail','Channel_DTL','','32','2642');
Insert Into BS_PageControl(PageControl_ID,CommandName_TX,Name_TX,PageControlType_CD,PageKey_TX,ToolTip_TX,AppAction_CD,PageControlImageKey_TX,RedirectPageKey_TX,ControlGroup_TX,SortNo_NR,Type_CD ) Values('200033','Add','添加','ToolBarButton','ServerMM','添加','Server_ADD','Add','Server_ADD','','33','2642');
Insert Into BS_PageControl(PageControl_ID,CommandName_TX,Name_TX,PageControlType_CD,PageKey_TX,ToolTip_TX,AppAction_CD,PageControlImageKey_TX,RedirectPageKey_TX,ControlGroup_TX,SortNo_NR,Type_CD ) Values('200034','Edit','修改','ToolBarButton','ServerMM','修改','Server_EDT','Edit','Server_EDT','','34','2642');
Insert Into BS_PageControl(PageControl_ID,CommandName_TX,Name_TX,PageControlType_CD,PageKey_TX,ToolTip_TX,AppAction_CD,PageControlImageKey_TX,RedirectPageKey_TX,ControlGroup_TX,SortNo_NR,Type_CD ) Values('200035','Delete','删除','ToolBarButton','ServerMM','删除','Server_DEL','Delete','','','35','2642');
Insert Into BS_PageControl(PageControl_ID,CommandName_TX,Name_TX,PageControlType_CD,PageKey_TX,ToolTip_TX,AppAction_CD,PageControlImageKey_TX,RedirectPageKey_TX,ControlGroup_TX,SortNo_NR,Type_CD ) Values('200036','Detail','明细','ToolBarButton','ServerMM','明细','Server_DTL','Detail','Server_DTL','','36','2642');
Insert Into BS_PageControl(PageControl_ID,CommandName_TX,Name_TX,PageControlType_CD,PageKey_TX,ToolTip_TX,AppAction_CD,PageControlImageKey_TX,RedirectPageKey_TX,ControlGroup_TX,SortNo_NR,Type_CD ) Values('200037','Control','控制','ToolBarButton','ServerDAUCTLMM','控制','ServerDAU_CTL','Control','ServerDAU_CTL','','37','2642');
Insert Into BS_PageControl(PageControl_ID,CommandName_TX,Name_TX,PageControlType_CD,PageKey_TX,ToolTip_TX,AppAction_CD,PageControlImageKey_TX,RedirectPageKey_TX,ControlGroup_TX,SortNo_NR,Type_CD ) Values('200038','Add','添加','ToolBarButton','ServerDAUMM','添加','ServerDAU_ADD','Add','ServerDAU_ADD','','38','2642');
Insert Into BS_PageControl(PageControl_ID,CommandName_TX,Name_TX,PageControlType_CD,PageKey_TX,ToolTip_TX,AppAction_CD,PageControlImageKey_TX,RedirectPageKey_TX,ControlGroup_TX,SortNo_NR,Type_CD ) Values('200039','Edit','修改','ToolBarButton','ServerDAUMM','修改','ServerDAU_EDT','Edit','ServerDAU_EDT','','39','2642');
Insert Into BS_PageControl(PageControl_ID,CommandName_TX,Name_TX,PageControlType_CD,PageKey_TX,ToolTip_TX,AppAction_CD,PageControlImageKey_TX,RedirectPageKey_TX,ControlGroup_TX,SortNo_NR,Type_CD ) Values('200040','Delete','删除','ToolBarButton','ServerDAUMM','删除','ServerDAU_DEL','Delete','','','40','2642');
Insert Into BS_PageControl(PageControl_ID,CommandName_TX,Name_TX,PageControlType_CD,PageKey_TX,ToolTip_TX,AppAction_CD,PageControlImageKey_TX,RedirectPageKey_TX,ControlGroup_TX,SortNo_NR,Type_CD ) Values('200041','Detail','明细','ToolBarButton','ServerDAUMM','明细','ServerDAU_DTL','Detail','ServerDAU_DTL','','41','2642');
Insert Into BS_PageControl(PageControl_ID,CommandName_TX,Name_TX,PageControlType_CD,PageKey_TX,ToolTip_TX,AppAction_CD,PageControlImageKey_TX,RedirectPageKey_TX,ControlGroup_TX,SortNo_NR,Type_CD ) Values('200042','Control','控制','ToolBarButton','ServerDAUMM','控制','ServerDAU_CTL','Control','ServerDAU_CTL','','42','2642');
Insert Into BS_PageControl(PageControl_ID,CommandName_TX,Name_TX,PageControlType_CD,PageKey_TX,ToolTip_TX,AppAction_CD,PageControlImageKey_TX,RedirectPageKey_TX,ControlGroup_TX,SortNo_NR,Type_CD ) Values('200043','Query','查询','ToolBarButton','HistoryDataMM','查询','HistoryData_Query','Query','','','43','2642');
Insert Into BS_PageControl(PageControl_ID,CommandName_TX,Name_TX,PageControlType_CD,PageKey_TX,ToolTip_TX,AppAction_CD,PageControlImageKey_TX,RedirectPageKey_TX,ControlGroup_TX,SortNo_NR,Type_CD ) Values('200044','Delete','删除','ToolBarButton','HistoryDataMM','删除','HistoryData_DEL','Delete','','','44','2642');
Insert Into BS_PageControl(PageControl_ID,CommandName_TX,Name_TX,PageControlType_CD,PageKey_TX,ToolTip_TX,AppAction_CD,PageControlImageKey_TX,RedirectPageKey_TX,ControlGroup_TX,SortNo_NR,Type_CD ) Values('200045','Detail','明细','ToolBarButton','HistoryDataMM','明细','HistoryData_DTL','Detail','HistoryData_DTL','','45','2642');
Insert Into BS_PageControl(PageControl_ID,CommandName_TX,Name_TX,PageControlType_CD,PageKey_TX,ToolTip_TX,AppAction_CD,PageControlImageKey_TX,RedirectPageKey_TX,ControlGroup_TX,SortNo_NR,Type_CD ) Values('200046','PDExportCurrent','导出当前页','ToolBarButton','HistoryDataMM','导出当前页','HistoryData_EXP','PDExportCurrent','','','46','2642');
Insert Into BS_PageControl(PageControl_ID,CommandName_TX,Name_TX,PageControlType_CD,PageKey_TX,ToolTip_TX,AppAction_CD,PageControlImageKey_TX,RedirectPageKey_TX,ControlGroup_TX,SortNo_NR,Type_CD ) Values('200047','PDExportAll','导出全部','ToolBarButton','HistoryDataMM','导出全部','HistoryData_EXA','PDExportAll','','','47','2642');
Insert Into BS_PageControl(PageControl_ID,CommandName_TX,Name_TX,PageControlType_CD,PageKey_TX,ToolTip_TX,AppAction_CD,PageControlImageKey_TX,RedirectPageKey_TX,ControlGroup_TX,SortNo_NR,Type_CD ) Values('200048','ListSet','列表设置','ToolBarButton','HistoryDataMM','列表设置','HistoryData_LST','ListSet','HistoryData_LST','','48','2642');
Insert Into BS_PageControl(PageControl_ID,CommandName_TX,Name_TX,PageControlType_CD,PageKey_TX,ToolTip_TX,AppAction_CD,PageControlImageKey_TX,RedirectPageKey_TX,ControlGroup_TX,SortNo_NR,Type_CD ) Values('200049','Add','添加','ToolBarButton','BarDiagramMM','添加','BarDiagram_ADD','Add','BarDiagram_ADD','','49','2642');
Insert Into BS_PageControl(PageControl_ID,CommandName_TX,Name_TX,PageControlType_CD,PageKey_TX,ToolTip_TX,AppAction_CD,PageControlImageKey_TX,RedirectPageKey_TX,ControlGroup_TX,SortNo_NR,Type_CD ) Values('200050','Edit','修改','ToolBarButton','BarDiagramMM','修改','BarDiagram_EDT','Edit','BarDiagram_EDT','','50','2642');
Insert Into BS_PageControl(PageControl_ID,CommandName_TX,Name_TX,PageControlType_CD,PageKey_TX,ToolTip_TX,AppAction_CD,PageControlImageKey_TX,RedirectPageKey_TX,ControlGroup_TX,SortNo_NR,Type_CD ) Values('200051','Delete','删除','ToolBarButton','BarDiagramMM','删除','BarDiagram_DEL','Delete','','','51','2642');
Insert Into BS_PageControl(PageControl_ID,CommandName_TX,Name_TX,PageControlType_CD,PageKey_TX,ToolTip_TX,AppAction_CD,PageControlImageKey_TX,RedirectPageKey_TX,ControlGroup_TX,SortNo_NR,Type_CD ) Values('200052','Detail','明细','ToolBarButton','BarDiagramMM','明细','BarDiagram_DTL','Detail','BarDiagram_DTL','','52','2642');
Insert Into BS_PageControl(PageControl_ID,CommandName_TX,Name_TX,PageControlType_CD,PageKey_TX,ToolTip_TX,AppAction_CD,PageControlImageKey_TX,RedirectPageKey_TX,ControlGroup_TX,SortNo_NR,Type_CD ) Values('200053','Add','添加特征频率分组','ToolBarButton','FeatureFreqGroupMM','添加特征频率分组','FeatureFreq_ADD','AddGroup','FeatureFreqGroup_ADD','','53','2642');
Insert Into BS_PageControl(PageControl_ID,CommandName_TX,Name_TX,PageControlType_CD,PageKey_TX,ToolTip_TX,AppAction_CD,PageControlImageKey_TX,RedirectPageKey_TX,ControlGroup_TX,SortNo_NR,Type_CD ) Values('200054','Edit','修改特征频率分组','ToolBarButton','FeatureFreqGroupMM','修改特征频率分组','FeatureFreq_EDT','EdtGroup','FeatureFreqGroup_EDT','','54','2642');
Insert Into BS_PageControl(PageControl_ID,CommandName_TX,Name_TX,PageControlType_CD,PageKey_TX,ToolTip_TX,AppAction_CD,PageControlImageKey_TX,RedirectPageKey_TX,ControlGroup_TX,SortNo_NR,Type_CD ) Values('200055','Delete','删除特征频率分组','ToolBarButton','FeatureFreqGroupMM','删除特征频率分组','FeatureFreq_DEL','DelGroup','','','55','2642');
Insert Into BS_PageControl(PageControl_ID,CommandName_TX,Name_TX,PageControlType_CD,PageKey_TX,ToolTip_TX,AppAction_CD,PageControlImageKey_TX,RedirectPageKey_TX,ControlGroup_TX,SortNo_NR,Type_CD ) Values('200056','Detail','特征频率分组明细','ToolBarButton','FeatureFreqGroupMM','特征频率分组明细','FeatureFreq_DTL','DtlGroup','FeatureFreqGroup_DTL','','56','2642');
Insert Into BS_PageControl(PageControl_ID,CommandName_TX,Name_TX,PageControlType_CD,PageKey_TX,ToolTip_TX,AppAction_CD,PageControlImageKey_TX,RedirectPageKey_TX,ControlGroup_TX,SortNo_NR,Type_CD ) Values('200057','Relate','关联特征频率分组','ToolBarButton','FeatureFreqGroupMM','关联特征频率分组','FeatureFreqGroup_REL','Relate','FeatureFreqGroup_Refer','','57','2642');
Insert Into BS_PageControl(PageControl_ID,CommandName_TX,Name_TX,PageControlType_CD,PageKey_TX,ToolTip_TX,AppAction_CD,PageControlImageKey_TX,RedirectPageKey_TX,ControlGroup_TX,SortNo_NR,Type_CD ) Values('200058','RemoveRelation','取消特征频率分组关联','ToolBarButton','FeatureFreqGroupMM','取消特征频率分组关联','FeatureFreqGroup_REL','Delete','','','58','2642');
Insert Into BS_PageControl(PageControl_ID,CommandName_TX,Name_TX,PageControlType_CD,PageKey_TX,ToolTip_TX,AppAction_CD,PageControlImageKey_TX,RedirectPageKey_TX,ControlGroup_TX,SortNo_NR,Type_CD ) Values('200059','Add','添加特征频率','ToolBarButton','FeatureFreqGroup_EDT','添加特征频率','FeatureFreq_ADD','AddFreq','FeatureFreq_ADD','','59','2642');
Insert Into BS_PageControl(PageControl_ID,CommandName_TX,Name_TX,PageControlType_CD,PageKey_TX,ToolTip_TX,AppAction_CD,PageControlImageKey_TX,RedirectPageKey_TX,ControlGroup_TX,SortNo_NR,Type_CD ) Values('200060','Edit','修改特征频率','ToolBarButton','FeatureFreqGroup_EDT','修改特征频率','FeatureFreq_EDT','EdtFreq','FeatureFreq_EDT','','60','2642');
Insert Into BS_PageControl(PageControl_ID,CommandName_TX,Name_TX,PageControlType_CD,PageKey_TX,ToolTip_TX,AppAction_CD,PageControlImageKey_TX,RedirectPageKey_TX,ControlGroup_TX,SortNo_NR,Type_CD ) Values('200061','Delete','删除特征频率','ToolBarButton','FeatureFreqGroup_EDT','删除特征频率','FeatureFreq_DEL','DelFreq','FeatureFreq_DEL','','61','2642');
Insert Into BS_PageControl(PageControl_ID,CommandName_TX,Name_TX,PageControlType_CD,PageKey_TX,ToolTip_TX,AppAction_CD,PageControlImageKey_TX,RedirectPageKey_TX,ControlGroup_TX,SortNo_NR,Type_CD ) Values('200062','Query','查询','ToolBarButton','BearingMM','查询','Bearing_QUE','Query','','','62','2642');
Insert Into BS_PageControl(PageControl_ID,CommandName_TX,Name_TX,PageControlType_CD,PageKey_TX,ToolTip_TX,AppAction_CD,PageControlImageKey_TX,RedirectPageKey_TX,ControlGroup_TX,SortNo_NR,Type_CD ) Values('200063','Add','添加','ToolBarButton','BearingMM','添加','Bearing_ADD','Add','Bearing_ADD','','63','2642');
Insert Into BS_PageControl(PageControl_ID,CommandName_TX,Name_TX,PageControlType_CD,PageKey_TX,ToolTip_TX,AppAction_CD,PageControlImageKey_TX,RedirectPageKey_TX,ControlGroup_TX,SortNo_NR,Type_CD ) Values('200064','Delete','删除','ToolBarButton','BearingMM','删除','Bearing_DEL','Delete','','','64','2642');
Insert Into BS_PageControl(PageControl_ID,CommandName_TX,Name_TX,PageControlType_CD,PageKey_TX,ToolTip_TX,AppAction_CD,PageControlImageKey_TX,RedirectPageKey_TX,ControlGroup_TX,SortNo_NR,Type_CD ) Values('200065','Edit','修改','ToolBarButton','BearingMM','修改','Bearing_EDT','Edit','Bearing_EDT','','65','2642');
Insert Into BS_PageControl(PageControl_ID,CommandName_TX,Name_TX,PageControlType_CD,PageKey_TX,ToolTip_TX,AppAction_CD,PageControlImageKey_TX,RedirectPageKey_TX,ControlGroup_TX,SortNo_NR,Type_CD ) Values('200066','Add','添加','ToolBarButton','DataVarMM','添加','DataVar_ADD','Add','DataVar_ADD','','66','2642');
Insert Into BS_PageControl(PageControl_ID,CommandName_TX,Name_TX,PageControlType_CD,PageKey_TX,ToolTip_TX,AppAction_CD,PageControlImageKey_TX,RedirectPageKey_TX,ControlGroup_TX,SortNo_NR,Type_CD ) Values('200067','Edit','修改','ToolBarButton','DataVarMM','修改','DataVar_EDT','Edit','DataVar_EDT','','67','2642');
Insert Into BS_PageControl(PageControl_ID,CommandName_TX,Name_TX,PageControlType_CD,PageKey_TX,ToolTip_TX,AppAction_CD,PageControlImageKey_TX,RedirectPageKey_TX,ControlGroup_TX,SortNo_NR,Type_CD ) Values('200068','Delete','删除','ToolBarButton','DataVarMM','删除','DataVar_DEL','Delete','','','68','2642');
Insert Into BS_PageControl(PageControl_ID,CommandName_TX,Name_TX,PageControlType_CD,PageKey_TX,ToolTip_TX,AppAction_CD,PageControlImageKey_TX,RedirectPageKey_TX,ControlGroup_TX,SortNo_NR,Type_CD ) Values('200069','Detail','明细','ToolBarButton','DataVarMM','明细','DataVar_DTL','Detail','DataVar_DTL','','69','2642');
Insert Into BS_PageControl(PageControl_ID,CommandName_TX,Name_TX,PageControlType_CD,PageKey_TX,ToolTip_TX,AppAction_CD,PageControlImageKey_TX,RedirectPageKey_TX,ControlGroup_TX,SortNo_NR,Type_CD ) Values('200070','PDExportCurrent','导出当前页','ToolBarButton','DataVarMM','导出当前页','DataVar_EXP','PDExportCurrent','','','70','2642');
Insert Into BS_PageControl(PageControl_ID,CommandName_TX,Name_TX,PageControlType_CD,PageKey_TX,ToolTip_TX,AppAction_CD,PageControlImageKey_TX,RedirectPageKey_TX,ControlGroup_TX,SortNo_NR,Type_CD ) Values('200071','PDExportAll','导出全部','ToolBarButton','DataVarMM','导出全部','DataVar_EXA','PDExportAll','','','71','2642');
Insert Into BS_PageControl(PageControl_ID,CommandName_TX,Name_TX,PageControlType_CD,PageKey_TX,ToolTip_TX,AppAction_CD,PageControlImageKey_TX,RedirectPageKey_TX,ControlGroup_TX,SortNo_NR,Type_CD ) Values('200072','ListSet','列表设置','ToolBarButton','DataVarMM','列表设置','DataVar_LST','ListSet','DataVar_LST','','72','2642');
Insert Into BS_PageControl(PageControl_ID,CommandName_TX,Name_TX,PageControlType_CD,PageKey_TX,ToolTip_TX,AppAction_CD,PageControlImageKey_TX,RedirectPageKey_TX,ControlGroup_TX,SortNo_NR,Type_CD ) Values('200073','Query','查询','ToolBarButton','SMSHistoryMM','查询','SMSHistory_QUE','Query','','','73','2642');
Insert Into BS_PageControl(PageControl_ID,CommandName_TX,Name_TX,PageControlType_CD,PageKey_TX,ToolTip_TX,AppAction_CD,PageControlImageKey_TX,RedirectPageKey_TX,ControlGroup_TX,SortNo_NR,Type_CD ) Values('200074','Delete','删除','ToolBarButton','SMSHistoryMM','删除','SMSHistory_DEL','Delete','','','74','2642');
Insert Into BS_PageControl(PageControl_ID,CommandName_TX,Name_TX,PageControlType_CD,PageKey_TX,ToolTip_TX,AppAction_CD,PageControlImageKey_TX,RedirectPageKey_TX,ControlGroup_TX,SortNo_NR,Type_CD ) Values('200075','Detail','明细','ToolBarButton','SMSHistoryMM','明细','SMSHistory_DTL','Detail','SMSHistory_DTL','','75','2642');
Insert Into BS_PageControl(PageControl_ID,CommandName_TX,Name_TX,PageControlType_CD,PageKey_TX,ToolTip_TX,AppAction_CD,PageControlImageKey_TX,RedirectPageKey_TX,ControlGroup_TX,SortNo_NR,Type_CD ) Values('200076','PDExportCurrent','导出当前页','ToolBarButton','SMSHistoryMM','导出当前页','SMSHistory_EXP','PDExportCurrent','','','76','2642');
Insert Into BS_PageControl(PageControl_ID,CommandName_TX,Name_TX,PageControlType_CD,PageKey_TX,ToolTip_TX,AppAction_CD,PageControlImageKey_TX,RedirectPageKey_TX,ControlGroup_TX,SortNo_NR,Type_CD ) Values('200077','PDExportAll','导出全部','ToolBarButton','SMSHistoryMM','导出全部','SMSHistory_EXA','PDExportAll','','','77','2642');
Insert Into BS_PageControl(PageControl_ID,CommandName_TX,Name_TX,PageControlType_CD,PageKey_TX,ToolTip_TX,AppAction_CD,PageControlImageKey_TX,RedirectPageKey_TX,ControlGroup_TX,SortNo_NR,Type_CD ) Values('200078','ListSet','列表设置','ToolBarButton','SMSHistoryMM','列表设置','SMSHistory_LST','ListSet','SMSHistory_LST','','78','2642');
GO
-----页面控件结束--------------
Delete From Bs_AppRoleAction Where AppRole_ID = 1;
Delete From BS_PostAppAction Where Post_ID = 1;
Insert Into Bs_AppRoleAction(AppRole_ID,AppAction_CD,DataRange_CD,ShortCut_YN) Select 1,AppAction_CD,'AL',1 From Bs_AppAction ;
Insert Into BS_PostAppAction(Post_ID,AppAction_CD,DataRange_CD,ShortCut_YN) Select 1,AppAction_CD,'AL',1 From Bs_AppAction ;
GO